Rk,Player,Pos,Age,Tm,G,GS,MP,FG,FGA,FG%,3P,3PA,3P%,2P,2PA,2P%,eFG%,FT,FTA,FT%,ORB,DRB,TRB,AST,STL,BLK,TOV,PF,PTS,Player-additional
1,Precious Achiuwa,C,23,TOR,49,11,21.1,3.4,7.2,.474,0.5,1.9,.253,2.9,5.3,.552,.507,1.7,2.4,.686,1.8,4.1,5.9,1.0,0.6,0.6,1.1,1.9,8.9,achiupr01
2,Steven Adams,C,29,MEM,42,42,27.0,3.7,6.3,.597,0.0,0.0,.000,3.7,6.2,.599,.597,1.1,3.1,.364,5.1,6.5,11.5,2.3,0.9,1.1,1.9,2.3,8.6,adamsst01
3,Bam Adebayo,C,25,MIA,72,72,35.2,8.2,15.1,.539,0.0,0.2,.083,8.1,15.0,.544,.539,4.4,5.5,.803,2.4,6.9,9.3,3.3,1.2,0.8,2.6,2.8,20.7,adebaba01
4,Ochai Agbaji,SG,22,UTA,53,16,19.2,2.4,5.5,.441,1.3,3.5,.378,1.1,2.0,.552,.562,0.7,1.0,.765,0.7,1.2,1.9,0.9,0.3,0.2,0.6,1.6,6.9,agbajoc01
5,Santi Aldama,PF,22,MEM,73,19,22.2,3.3,6.9,.474,1.3,3.5,.357,2.0,3.3,.598,.566,1.4,1.9,.745,1.1,3.7,4.8,1.2,0.6,0.6,0.8,1.9,9.2,aldamsa01
6,Nickeil Alexander-Walker,SG,24,TOT,54,3,15.3,2.2,5.1,.442,1.0,2.7,.379,1.2,2.4,.512,.542,0.7,1.1,.667,0.3,1.5,1.8,1.9,0.6,0.4,1.0,1.5,6.2,alexani01
7,Grayson Allen,SG,27,MIL,70,68,27.6,3.5,7.9,.442,2.1,5.2,.402,1.4,2.7,.519,.574,1.6,1.8,.905,0.9,2.4,3.3,2.3,0.9,0.2,1.0,1.7,10.6,allengr01
8,Jarrett Allen,C,24,CLE,65,65,33.0,6.0,9.3,.645,0.0,0.1,.111,6.0,9.1,.653,.646,2.4,3.3,.740,3.3,6.7,9.9,1.7,0.8,1.2,1.4,2.3,14.4,allenja01
9,Jose Alvarado,PG,24,NOP,61,10,21.5,3.3,8.0,.411,1.4,4.0,.336,1.9,4.0,.488,.496,1.1,1.3,.813,0.5,1.9,2.3,3.0,1.1,0.2,1.3,2.0,9.0,alvarjo01
10,Kyle Anderson,PF,29,MIN,64,46,28.1,3.5,7.1,.502,0.6,1.5,.417,2.9,5.6,.525,.546,1.6,2.1,.735,1.0,4.4,5.4,4.8,1.2,0.9,1.5,2.2,9.3,anderky01
11,Giannis Antetokounmpo,PF,28,MIL,60,60,32.2,11.2,20.3,.553,0.8,2.8,.285,10.5,17.6,.595,.573,8.0,12.3,.648,2.2,9.6,11.8,5.7,0.8,0.8,3.9,3.1,31.2,antetgi01
12,Thanasis Antetokounmpo,SF,30,MIL,32,0,4.1,0.3,0.8,.370,0.0,0.2,.000,0.3,0.7,.455,.370,0.1,0.3,.500,0.3,0.7,1.0,0.2,0.1,0.1,0.3,0.4,0.8,antetth01
13,Cole Anthony,PG,22,ORL,56,3,25.7,4.5,10.1,.449,1.2,3.4,.356,3.3,6.7,.496,.509,2.6,2.9,.894,0.8,3.9,4.7,3.9,0.6,0.5,1.5,2.7,12.8,anthoco01
14,OG Anunoby,SF,25,TOR,62,62,35.6,6.3,13.2,.476,2.1,5.4,.388,4.2,7.8,.537,.556,2.2,2.7,.836,1.5,3.6,5.1,1.9,1.9,0.7,2.1,3.0,16.9,anunoog01
15,Ryan Arcidiacono,PG,28,TOT,20,4,8.6,0.5,1.9,.243,0.4,1.2,.348,0.1,0.7,.071,.351,0.0,0.0,,0.0,0.8,0.8,1.2,0.3,0.0,0.4,0.9,1.3,arcidry01
16,Deni Avdija,SF,22,WAS,74,38,26.4,3.4,7.5,.445,0.9,3.0,.305,2.4,4.5,.539,.506,1.6,2.2,.738,1.0,5.5,6.5,2.7,0.8,0.4,1.5,2.7,9.2,avdijde01
17,Deandre Ayton,C,24,PHO,63,63,30.4,7.9,13.4,.587,0.1,0.4,.292,7.8,13.0,.596,.592,2.2,2.9,.757,2.6,7.4,10.0,1.8,0.6,0.8,1.8,2.8,18.1,aytonde01
18,Udoka Azubuike,C,23,UTA,31,0,7.8,1.4,1.7,.811,0.0,0.0,,1.4,1.7,.811,.811,0.2,0.5,.313,0.8,2.0,2.8,0.3,0.2,0.4,0.5,0.7,2.9,azubuud01
19,Marvin Bagley III,C,23,DET,38,23,23.8,4.9,9.1,.538,0.4,1.5,.276,4.4,7.5,.591,.561,1.8,2.4,.742,2.4,4.2,6.7,0.9,0.5,0.8,1.1,2.0,12.0,baglema01
20,Patrick Baldwin Jr.,SF,20,GSW,27,0,7.8,1.5,3.7,.396,1.1,2.9,.385,0.4,0.9,.435,.545,0.1,0.2,.667,0.0,1.3,1.3,0.3,0.2,0.1,0.4,0.5,4.2,baldwpa01
21,LaMelo Ball,PG,21,CHO,36,36,35.2,8.2,20.0,.411,4.0,10.6,.376,4.2,9.4,.450,.510,2.8,3.4,.836,1.2,5.3,6.4,8.4,1.3,0.3,3.6,3.3,23.3,ballla01
22,Mo Bamba,C,24,TOT,47,7,16.2,2.5,5.1,.487,1.0,2.6,.390,1.4,2.4,.591,.588,0.9,1.3,.661,1.2,3.5,4.7,1.0,0.3,0.9,0.6,2.2,6.8,bambamo01
23,Paolo Banchero,PF,20,ORL,69,69,33.8,6.7,15.7,.426,1.2,4.0,.292,5.5,11.7,.471,.463,5.4,7.3,.742,1.1,5.6,6.8,3.7,0.9,0.5,2.7,2.2,19.9,banchpa01
24,Desmond Bane,SG,24,MEM,53,53,31.3,7.7,16.1,.475,2.8,7.0,.408,4.8,9.1,.527,.564,3.2,3.6,.886,0.7,4.2,5.0,4.2,1.0,0.4,2.2,2.5,21.4,banede01
25,Dalano Banton,PG,23,TOR,27,2,9.3,1.7,4.1,.411,0.5,1.7,.283,1.2,2.4,.500,.469,0.6,0.7,.789,0.3,1.0,1.3,1.1,0.5,0.4,0.6,1.1,4.4,bantoda01
26,Dominick Barlow,SF,19,SAS,22,0,12.2,1.2,2.4,.509,0.0,0.2,.000,1.2,2.2,.551,.509,0.5,0.7,.667,1.2,1.5,2.7,0.5,0.3,0.5,0.5,2.0,2.9,barlodo01
27,Harrison Barnes,PF,30,SAC,76,76,32.7,4.5,9.7,.470,1.6,4.4,.372,2.9,5.3,.551,.554,4.3,5.1,.846,1.0,3.6,4.6,1.6,0.6,0.1,1.1,1.3,15.0,barneha02
28,Scottie Barnes,PF,21,TOR,71,70,35.0,6.1,13.3,.455,0.9,3.0,.290,5.2,10.4,.501,.487,2.6,3.3,.779,2.4,4.4,6.8,4.8,1.0,0.8,2.0,2.3,15.5,barnesc01
29,RJ Barrett,SG,22,NYK,70,70,33.9,6.9,16.0,.435,1.7,5.3,.318,5.3,10.7,.493,.487,4.0,5.4,.743,0.8,4.2,5.0,2.7,0.4,0.2,2.3,2.4,19.6,barrerj01
30,Will Barton,SG,32,TOT,52,2,17.8,2.4,6.4,.370,1.1,3.1,.350,1.3,3.3,.391,.456,0.7,0.9,.787,0.3,2.2,2.5,2.1,0.5,0.2,0.9,1.0,6.5,bartowi01
31,Charles Bassey,C,22,SAS,35,2,14.5,2.5,3.9,.644,0.1,0.2,.375,2.4,3.6,.661,.656,0.6,1.1,.595,2.1,3.4,5.5,1.3,0.5,0.9,1.2,2.1,5.7,bassech01
32,Keita Bates-Diop,SF,27,SAS,61,36,21.2,3.3,6.6,.500,0.8,2.0,.383,2.5,4.6,.550,.558,1.6,2.0,.789,1.0,2.6,3.6,1.4,0.7,0.3,0.8,0.9,8.9,bateske01
33,Nicolas Batum,PF,34,LAC,73,14,21.8,2.1,4.9,.429,1.6,4.1,.401,0.5,0.8,.565,.596,0.4,0.6,.696,0.8,3.1,3.9,1.5,0.7,0.6,0.7,1.9,6.3,batumni01
34,Darius Bazley,PF,22,TOT,41,1,14.2,1.8,4.0,.446,0.5,1.2,.388,1.3,2.9,.470,.503,0.9,1.6,.552,0.7,2.4,3.1,0.9,0.5,0.8,0.6,1.0,5.0,bazleda01
35,Bradley Beal,SG,29,WAS,50,50,33.5,8.9,17.6,.506,1.6,4.4,.365,7.3,13.2,.552,.551,3.8,4.6,.842,0.8,3.1,3.9,5.4,0.9,0.7,2.9,2.1,23.2,bealbr01
36,Malik Beasley,SG,26,TOT,75,27,26.3,4.6,11.8,.391,2.9,8.3,.356,1.7,3.5,.474,.516,0.6,0.7,.786,0.4,3.1,3.5,1.6,0.8,0.1,1.2,1.3,12.8,beaslma01
37,MarJon Beauchamp,SF,22,MIL,46,9,13.1,1.9,4.7,.402,0.9,2.7,.323,1.0,2.0,.511,.495,0.5,0.7,.697,0.7,1.4,2.1,0.6,0.4,0.1,0.8,1.3,5.1,beaucma01
38,Dāvis Bertāns,PF,30,DAL,42,0,10.5,1.4,3.3,.428,1.1,2.9,.393,0.3,0.4,.688,.601,0.2,0.3,.833,0.2,0.8,1.0,0.5,0.2,0.1,0.2,1.2,4.2,bertada01
39,Patrick Beverley,PG,34,TOT,62,62,27.2,2.1,5.4,.397,1.2,3.6,.338,0.9,1.8,.513,.509,0.8,1.0,.723,0.7,3.0,3.7,2.9,0.9,0.6,0.9,2.8,6.3,beverpa01
40,Saddiq Bey,SF,23,TOT,71,32,27.6,4.5,10.8,.415,2.0,5.4,.365,2.5,5.4,.466,.507,2.9,3.3,.860,1.2,3.5,4.7,1.5,0.9,0.2,1.0,1.6,13.8,beysa01
41,Khem Birch,C,30,TOR,20,0,8.1,1.0,1.6,.594,0.1,0.1,.500,0.9,1.5,.600,.609,0.2,0.3,.800,0.4,0.9,1.3,0.4,0.3,0.3,0.4,1.2,2.2,birchkh01
42,Goga Bitadze,C,23,TOT,32,0,10.4,1.5,2.8,.545,0.2,0.7,.286,1.3,2.1,.627,.580,0.5,1.1,.500,1.3,1.6,3.0,0.9,0.4,0.6,0.5,1.5,3.7,bitadgo01
43,Bismack Biyombo,C,30,PHO,56,13,14.3,1.9,3.3,.582,0.0,0.0,,1.9,3.3,.582,.582,0.3,1.1,.302,1.4,2.8,4.2,0.9,0.3,1.4,0.9,1.9,4.2,biyombi01
44,Buddy Boeheim,PG,23,DET,7,0,9.9,0.6,3.3,.174,0.6,3.1,.182,0.0,0.1,.000,.261,0.3,0.3,1.000,0.3,0.3,0.6,0.4,0.3,0.0,0.0,0.6,2.0,boehebu01
45,Bogdan Bogdanović,SG,30,ATL,50,8,28.2,5.0,11.4,.441,2.7,6.6,.402,2.4,4.8,.496,.558,1.2,1.4,.817,0.4,2.7,3.1,2.7,0.8,0.4,1.2,1.6,13.9,bogdabo01
46,Bojan Bogdanović,PF,33,DET,59,59,32.1,7.3,14.9,.488,2.5,6.0,.411,4.8,9.0,.539,.570,4.5,5.1,.884,0.6,3.2,3.8,2.6,0.6,0.1,2.3,1.9,21.6,bogdabo02
47,Bol Bol,PF,23,ORL,67,32,21.4,3.7,6.6,.566,0.4,1.5,.293,3.3,5.1,.644,.598,1.1,1.5,.760,1.0,4.8,5.8,0.9,0.4,1.2,1.6,1.3,9.0,bolbo01
48,Leandro Bolmaro,SG,22,UTA,14,0,4.9,0.2,1.4,.150,0.0,0.3,.000,0.2,1.1,.188,.150,0.0,0.0,,0.3,0.2,0.5,0.5,0.2,0.1,0.5,0.7,0.4,bolmale01
49,Devin Booker,SG,26,PHO,49,49,34.6,10.2,20.4,.498,2.1,5.9,.366,8.0,14.6,.551,.551,5.7,6.7,.848,0.9,3.7,4.6,5.4,0.9,0.4,2.7,3.0,28.2,bookede01
50,Brandon Boston Jr.,SG,21,LAC,21,1,11.8,2.4,5.8,.421,0.6,1.4,.414,1.9,4.4,.424,.471,1.4,1.8,.763,0.3,1.0,1.4,0.9,0.4,0.0,0.6,1.0,6.8,bostobr01
51,Chris Boucher,PF,30,TOR,70,0,20.2,3.5,7.0,.493,0.8,2.5,.324,2.6,4.5,.587,.551,1.7,2.2,.750,2.2,3.6,5.7,0.4,0.6,0.9,0.5,1.9,9.4,bouchch01
52,James Bouknight,SG,22,CHO,29,0,13.2,1.5,4.7,.326,0.6,2.5,.250,0.9,2.2,.413,.393,0.6,0.8,.667,0.2,1.8,2.0,1.1,0.5,0.2,0.7,1.2,4.2,bouknja01
53,Jamaree Bouyea,PG,23,TOT,5,0,14.2,1.2,2.8,.429,0.4,1.2,.333,0.8,1.6,.500,.500,0.2,0.4,.500,0.2,1.0,1.2,0.8,0.8,0.4,0.8,1.2,3.0,bouyeja01
54,Tony Bradley,C,25,CHI,12,0,2.8,0.5,1.0,.500,0.3,0.4,.600,0.3,0.6,.429,.625,0.3,0.3,1.000,0.1,0.8,0.9,0.1,0.1,0.1,0.1,0.2,1.6,bradlto01
55,Malaki Branham,SF,19,SAS,60,26,23.1,3.9,8.7,.441,1.1,3.7,.306,2.7,5.0,.540,.506,0.8,1.0,.803,0.5,2.2,2.7,2.0,0.5,0.1,1.2,1.7,9.7,branhma01
56,Jarrell Brantley,PF,26,UTA,4,0,9.8,2.0,3.5,.571,1.0,2.3,.444,1.0,1.3,.800,.714,0.5,0.5,1.000,0.3,1.3,1.5,0.8,0.0,0.5,0.5,0.8,5.5,brantja01
57,Christian Braun,SG,21,DEN,69,3,14.6,1.7,3.3,.496,0.4,1.1,.392,1.2,2.2,.550,.563,0.4,0.7,.625,0.6,1.7,2.2,0.8,0.4,0.2,0.4,1.3,4.2,braunch01
58,Mikal Bridges,SF,26,TOT,77,77,36.0,7.0,14.9,.474,2.1,5.2,.399,5.0,9.7,.513,.543,3.7,4.1,.902,1.0,3.4,4.4,3.4,1.1,0.8,1.5,2.0,19.8,bridgmi01
59,Oshae Brissett,SF,24,IND,60,2,16.5,1.9,4.8,.401,0.8,2.4,.331,1.1,2.4,.472,.484,1.4,2.0,.711,1.0,2.4,3.3,0.6,0.5,0.2,0.5,1.2,6.1,brissos01
60,Malcolm Brogdon,PG,30,BOS,63,0,25.7,5.1,10.6,.484,2.0,4.4,.447,3.2,6.3,.509,.575,2.4,2.7,.876,0.6,3.6,4.2,3.7,0.6,0.3,1.4,1.6,14.6,brogdma01
61,Dillon Brooks,SF,27,MEM,69,69,30.2,5.4,13.6,.395,1.9,5.9,.325,3.4,7.7,.448,.465,1.6,2.1,.779,0.6,2.7,3.3,2.6,0.9,0.2,1.4,3.3,14.3,brookdi01
62,Bruce Brown,SG,26,DEN,74,28,28.1,4.3,8.9,.482,1.2,3.3,.368,3.1,5.6,.548,.549,1.3,1.7,.750,0.7,3.3,4.0,3.3,1.0,0.6,1.6,2.4,11.0,brownbr01
63,Greg Brown III,PF,21,POR,16,0,5.8,0.7,1.8,.393,0.1,0.4,.143,0.6,1.3,.476,.411,0.3,0.8,.417,0.1,1.1,1.2,0.2,0.3,0.3,0.4,0.8,1.8,browngr01
64,Jaylen Brown,SF,26,BOS,64,64,35.9,10.1,20.5,.494,2.5,7.3,.340,7.7,13.2,.579,.554,4.1,5.3,.769,1.2,5.7,6.9,3.4,1.1,0.4,3.0,2.6,26.8,brownja02
65,Kendall Brown,SG,19,IND,6,0,6.7,0.7,1.2,.571,0.0,0.2,.000,0.7,1.0,.667,.571,0.2,0.3,.500,0.3,0.7,1.0,0.5,0.7,0.0,0.3,1.5,1.5,brownke03
66,Moses Brown,C,23,TOT,35,1,8.3,1.7,2.7,.635,0.0,0.0,,1.7,2.7,.635,.635,0.9,2.1,.458,1.6,2.3,4.0,0.1,0.1,0.4,0.4,1.1,4.4,brownmo01
67,Sterling Brown,SG,27,LAL,4,0,6.0,0.0,1.0,.000,0.0,0.5,.000,0.0,0.5,.000,.000,0.0,0.0,,0.8,1.3,2.0,0.5,0.8,0.0,0.0,1.0,0.0,brownst02
68,Troy Brown Jr.,SF,23,LAL,70,45,24.9,2.7,6.3,.429,1.4,3.8,.373,1.3,2.5,.514,.542,0.5,0.5,.892,0.8,3.3,4.1,1.2,0.8,0.2,0.7,1.7,7.3,browntr01
69,Jalen Brunson,PG,26,NYK,66,66,34.9,8.5,17.3,.488,1.9,4.7,.410,6.5,12.7,.517,.543,4.8,5.7,.834,0.6,3.0,3.5,6.1,0.9,0.2,2.0,2.3,23.6,brunsja01
70,Thomas Bryant,C,25,TOT,57,25,18.4,3.9,6.2,.626,0.4,1.0,.436,3.5,5.3,.661,.660,1.6,2.2,.738,1.5,4.3,5.8,0.5,0.3,0.5,0.6,1.7,9.9,bryanth01
71,Reggie Bullock,SF,31,DAL,74,51,30.7,2.5,6.1,.410,2.0,5.1,.383,0.5,0.9,.557,.572,0.4,0.5,.703,0.4,3.3,3.7,1.3,0.7,0.2,0.5,2.2,7.3,bullore01
72,Alec Burks,SG,31,DET,51,8,22.0,3.9,9.0,.436,1.9,4.7,.414,2.0,4.3,.459,.544,3.0,3.7,.814,0.4,2.7,3.1,2.2,0.7,0.2,1.1,1.9,12.8,burksal01
73,Deonte Burton,SG,29,SAC,2,0,3.0,0.0,1.0,.000,0.0,0.5,.000,0.0,0.5,.000,.000,0.0,0.0,,0.0,0.0,0.0,0.0,0.0,0.0,0.0,0.0,0.0,burtode02
74,Jared Butler,SG,22,OKC,3,0,9.0,1.3,2.7,.500,0.3,1.0,.333,1.0,1.7,.600,.563,0.0,0.0,,0.0,0.3,0.3,1.3,1.3,0.0,0.7,1.3,3.0,butleja02
75,Jimmy Butler,SF,33,MIA,61,61,33.4,7.4,13.9,.529,0.6,1.6,.351,6.8,12.3,.553,.550,7.3,8.6,.850,2.3,3.6,5.9,5.1,1.8,0.3,1.6,1.3,22.6,butleji01
76,John Butler,C,20,POR,13,0,6.3,0.2,1.1,.143,0.0,0.8,.000,0.2,0.3,.500,.143,0.1,0.1,1.000,0.1,0.5,0.5,0.2,0.2,0.4,0.0,0.8,0.4,butlejo01
77,Jamal Cain,SF,23,MIA,15,0,12.4,1.7,3.3,.520,0.1,0.8,.167,1.6,2.5,.632,.540,0.8,1.1,.750,0.8,1.8,2.6,0.6,0.5,0.0,0.3,1.0,4.4,cainja01
78,Kentavious Caldwell-Pope,SG,29,DEN,72,72,31.6,3.9,8.3,.466,1.8,4.2,.425,2.1,4.2,.507,.572,1.3,1.6,.822,0.5,2.3,2.8,2.5,1.4,0.4,1.1,1.9,10.9,caldwke01
79,Facundo Campazzo,PG,31,DAL,8,0,6.5,0.4,1.6,.231,0.4,1.4,.273,0.0,0.3,.000,.346,0.1,0.3,.500,0.0,0.3,0.3,1.1,0.8,0.0,0.4,0.4,1.3,campafa01
80,Vlatko Čančar,PF,25,DEN,53,8,15.2,1.9,3.9,.490,0.8,2.0,.400,1.1,1.9,.583,.591,0.6,0.6,.938,0.4,1.8,2.2,1.4,0.3,0.2,0.6,1.5,5.2,cancavl01
81,Clint Capela,C,28,ATL,60,58,26.7,5.5,8.4,.651,0.0,0.0,.000,5.5,8.4,.652,.651,1.2,1.9,.600,4.2,7.1,11.2,0.9,0.7,1.2,0.8,2.1,12.1,capelca01
82,Vernon Carey Jr.,C,21,WAS,11,0,2.5,0.2,0.7,.250,0.0,0.0,,0.2,0.7,.250,.250,0.2,0.2,1.000,0.3,0.7,1.0,0.3,0.2,0.2,0.2,0.5,0.5,careyve01
83,Jevon Carter,PG,27,MIL,76,37,22.3,3.0,6.9,.428,1.7,4.1,.423,1.3,2.9,.436,.552,0.4,0.5,.806,0.4,2.1,2.5,2.4,0.8,0.4,1.0,2.0,8.1,carteje01
84,Wendell Carter Jr.,C,23,ORL,53,50,30.0,5.8,11.0,.528,1.4,3.9,.348,4.4,7.1,.628,.590,2.6,3.5,.749,2.2,6.5,8.8,2.3,0.5,0.6,2.0,2.8,15.6,cartewe01
85,Alex Caruso,PG,28,CHI,62,31,23.8,1.9,4.3,.449,0.8,2.3,.364,1.1,2.0,.543,.545,1.0,1.2,.808,0.6,2.3,3.0,3.0,1.5,0.6,1.2,2.4,5.6,carusal01
86,Julian Champagnie,SF,21,TOT,11,1,14.1,2.0,4.6,.431,1.1,3.1,.353,0.9,1.5,.588,.549,0.1,0.1,1.000,0.3,1.9,2.2,0.3,0.1,0.4,0.5,1.4,5.2,champju02
87,Justin Champagnie,SF,21,TOR,3,0,3.7,1.0,1.0,1.000,0.0,0.0,,1.0,1.0,1.000,1.000,0.0,0.0,,0.3,1.0,1.3,0.3,0.0,0.0,0.0,0.3,2.0,champju01
88,Kennedy Chandler,PG,20,MEM,33,0,8.1,1.0,2.4,.418,0.1,0.5,.133,0.9,1.9,.484,.430,0.2,0.4,.462,0.2,0.8,1.1,1.7,0.4,0.2,0.5,0.5,2.2,chandke01
89,Max Christie,SG,19,LAL,38,3,13.3,1.2,2.8,.419,0.7,1.6,.419,0.5,1.1,.419,.543,0.4,0.4,.875,0.2,1.8,1.9,0.5,0.2,0.2,0.3,0.9,3.4,chrisma02
90,Josh Christopher,SG,21,HOU,59,1,11.6,2.3,4.9,.465,0.3,1.4,.250,1.9,3.5,.548,.500,0.7,0.9,.778,0.3,0.8,1.1,1.1,0.5,0.2,0.9,0.9,5.6,chrisjo01
91,Brandon Clarke,PF,26,MEM,56,8,19.5,4.1,6.2,.656,0.0,0.1,.167,4.1,6.1,.665,.658,1.8,2.4,.723,1.6,3.9,5.5,1.3,0.6,0.7,1.0,2.3,10.0,clarkbr01
92,Jordan Clarkson,SG,30,UTA,61,61,32.6,7.5,16.9,.444,2.5,7.5,.338,5.0,9.4,.530,.519,3.3,4.0,.816,1.2,2.9,4.0,4.4,0.5,0.2,3.0,2.0,20.8,clarkjo01
93,Nic Claxton,C,23,BRK,71,71,29.7,5.4,7.7,.703,0.0,0.0,.000,5.4,7.7,.705,.703,1.7,3.3,.530,2.4,6.8,9.2,1.8,0.8,2.5,1.3,2.8,12.6,claxtni01
94,Amir Coffey,SG,25,LAC,48,9,12.8,1.1,3.0,.380,0.2,0.8,.263,0.9,2.2,.423,.415,1.0,1.2,.780,0.4,0.7,1.1,1.1,0.1,0.1,0.4,1.0,3.4,coffeam01
95,John Collins,PF,25,ATL,66,66,30.1,5.1,10.0,.511,0.9,3.3,.279,4.2,6.7,.623,.556,1.9,2.3,.812,1.1,5.5,6.6,1.2,0.6,1.1,1.1,3.1,13.0,collijo01
96,Zach Collins,C,25,SAS,61,24,22.7,4.4,8.5,.516,0.9,2.3,.371,3.6,6.2,.570,.566,1.7,2.2,.759,1.8,4.5,6.3,2.8,0.6,0.7,2.0,3.1,11.4,colliza01
97,Mike Conley,PG,35,TOT,62,61,30.2,3.8,9.1,.418,1.9,5.2,.374,1.9,3.9,.477,.525,1.9,2.3,.830,0.5,2.2,2.8,6.8,1.1,0.2,1.5,2.0,11.4,conlemi01
98,Pat Connaughton,SG,30,MIL,58,32,24.5,2.8,7.2,.389,1.8,5.5,.335,0.9,1.7,.567,.518,0.5,0.7,.659,0.8,4.0,4.8,1.3,0.6,0.2,0.6,1.2,7.9,connapa01
99,Xavier Cooks,PF,27,WAS,4,0,3.3,0.3,0.3,1.000,0.0,0.0,,0.3,0.3,1.000,1.000,0.0,0.0,,0.5,0.5,1.0,0.3,0.0,0.0,0.5,0.0,0.5,cooksxa01
100,Robert Covington,PF,32,LAC,44,0,16.3,2.2,5.0,.445,1.2,3.0,.392,1.0,2.0,.523,.562,0.7,0.9,.763,0.6,2.8,3.4,1.2,0.8,0.7,0.6,1.8,6.2,covinro01
101,Torrey Craig,SF,32,PHO,73,59,25.2,2.8,6.3,.439,1.3,3.3,.389,1.5,3.1,.493,.540,0.4,0.6,.721,1.9,3.6,5.5,1.5,0.6,0.8,1.0,2.3,7.3,craigto01
102,Jae Crowder,SF,32,MIL,12,0,18.2,1.9,4.0,.479,1.1,2.8,.382,0.8,1.2,.714,.615,0.8,0.9,.818,1.0,3.1,4.1,1.3,0.4,0.3,0.4,1.4,5.7,crowdja01
103,Jarrett Culver,SG,23,ATL,10,1,13.7,1.7,4.3,.395,0.1,1.2,.083,1.6,3.1,.516,.407,0.9,1.3,.692,1.0,2.8,3.8,0.6,0.6,0.2,0.7,1.4,4.4,culveja01
104,Cade Cunningham,PG,21,DET,12,12,33.3,7.8,18.7,.415,1.4,5.1,.279,6.3,13.6,.466,.453,3.0,3.6,.837,1.0,5.2,6.2,6.0,0.8,0.6,3.3,2.8,19.9,cunnica01
105,Seth Curry,SG,32,BRK,56,7,20.6,3.5,7.6,.461,1.6,4.0,.405,1.9,3.7,.522,.567,0.9,0.9,.980,0.2,1.5,1.7,1.7,0.6,0.1,0.9,1.6,9.5,curryse01
106,Stephen Curry,PG,34,GSW,51,51,34.9,10.0,20.2,.497,4.9,11.5,.428,5.1,8.7,.587,.618,4.6,5.1,.911,0.7,5.5,6.3,6.4,1.0,0.3,3.3,2.2,29.6,curryst01
107,Dyson Daniels,PG,19,NOP,54,11,18.3,1.5,3.6,.410,0.4,1.5,.300,1.0,2.1,.487,.472,0.4,0.7,.622,0.6,2.6,3.2,2.4,0.8,0.2,1.0,1.8,3.8,daniedy01
108,Anthony Davis,C,29,LAL,50,48,33.9,9.7,17.2,.567,0.4,1.4,.271,9.4,15.8,.593,.578,6.2,7.9,.786,3.4,9.0,12.4,2.6,1.0,2.0,2.2,2.7,26.1,davisan02
109,Johnny Davis,SG,20,WAS,22,0,9.7,1.3,3.2,.400,0.2,1.0,.227,1.0,2.2,.479,.436,0.3,0.6,.538,0.3,1.1,1.5,0.4,0.1,0.1,0.3,1.3,3.1,davisjo06
110,Terence Davis,SG,25,SAC,59,4,13.0,2.4,5.5,.432,1.4,3.6,.376,1.0,1.8,.541,.556,0.5,0.7,.821,0.3,1.9,2.3,1.1,0.7,0.2,0.8,1.6,6.6,daviste02
111,JD Davison,PG,20,BOS,10,0,2.7,0.5,1.3,.385,0.1,0.4,.250,0.4,0.9,.444,.423,0.0,0.0,,0.1,0.5,0.6,0.6,0.2,0.0,0.2,0.4,1.1,davisjd01
112,Darius Days,PF,23,HOU,4,0,6.3,1.3,3.0,.417,0.8,2.5,.300,0.5,0.5,1.000,.542,0.5,0.5,1.000,0.3,1.3,1.5,0.3,0.0,0.3,0.0,0.5,3.8,daysda01
113,Dewayne Dedmon,C,33,TOT,36,1,10.9,1.9,3.9,.496,0.3,1.1,.289,1.6,2.8,.574,.536,0.9,1.3,.696,0.9,2.5,3.4,0.5,0.2,0.5,0.6,1.9,5.0,dedmode01
114,Matthew Dellavedova,PG,32,SAC,32,0,6.7,0.5,1.6,.340,0.3,0.8,.333,0.3,0.7,.348,.430,0.1,0.2,.571,0.0,0.4,0.4,1.3,0.2,0.0,0.3,0.6,1.5,dellama01
115,DeMar DeRozan,SF,33,CHI,69,69,36.5,9.0,17.7,.510,0.6,1.8,.339,8.4,15.8,.530,.528,6.3,7.2,.867,0.5,4.3,4.7,5.1,1.1,0.5,2.1,2.6,24.9,derozde01
116,Moussa Diabaté,PF,21,LAC,20,1,9.2,1.2,2.2,.523,0.1,0.1,.500,1.1,2.1,.524,.534,0.5,0.8,.625,1.5,0.8,2.3,0.2,0.4,0.4,0.5,0.8,2.9,diabamo01
117,Mamadi Diakite,PF,26,CLE,20,2,6.8,0.8,1.9,.405,0.3,0.9,.294,0.5,1.0,.500,.473,0.0,0.0,,0.3,0.7,1.0,0.2,0.1,0.4,0.4,1.0,1.8,diakima01
118,Hamidou Diallo,SG,24,DET,56,0,17.8,3.8,6.7,.573,0.1,0.4,.238,3.8,6.3,.593,.580,1.6,2.6,.588,1.0,2.4,3.5,1.0,0.9,0.3,1.3,2.2,9.3,diallha01
119,Gorgui Dieng,C,33,SAS,27,1,10.3,1.1,3.3,.352,0.5,2.1,.241,0.6,1.1,.567,.432,0.2,0.3,.750,0.9,1.9,2.8,1.5,0.1,0.4,0.9,1.6,3.0,dienggo01
120,Ousmane Dieng,SF,19,OKC,34,0,14.8,1.9,4.7,.415,0.7,2.5,.279,1.2,2.1,.575,.491,0.3,0.5,.588,0.5,2.3,2.8,1.0,0.4,0.2,0.6,1.1,4.9,diengou01
121,Spencer Dinwiddie,PG,29,TOT,74,74,34.5,5.9,13.3,.444,2.4,6.3,.378,3.5,7.0,.502,.533,3.4,4.2,.809,0.4,3.0,3.4,6.1,0.9,0.3,1.9,2.4,17.6,dinwisp01
122,Donte DiVincenzo,SG,26,GSW,67,32,26.3,3.1,7.4,.425,2.1,5.2,.396,1.1,2.2,.493,.564,0.8,1.0,.844,1.0,3.3,4.4,3.3,1.3,0.1,1.5,1.9,9.2,divindo01
123,Luka Dončić,PG,23,DAL,62,62,36.3,11.0,22.1,.496,2.9,8.2,.349,8.1,14.0,.582,.560,8.0,10.7,.740,0.9,7.8,8.7,8.1,1.4,0.5,3.7,2.5,32.8,doncilu01
124,Tyler Dorsey,SG,26,DAL,3,0,2.7,1.3,1.7,.800,0.3,0.7,.500,1.0,1.0,1.000,.900,0.0,0.0,,0.3,0.3,0.7,0.0,0.0,0.0,0.0,0.0,3.0,dorsety01
125,Luguentz Dort,SG,23,OKC,70,69,30.6,4.6,11.8,.391,1.9,5.6,.340,2.7,6.2,.437,.472,2.6,3.4,.783,1.6,2.9,4.5,2.1,1.0,0.3,1.3,3.3,13.8,dortlu01
126,Ayo Dosunmu,SG,23,CHI,74,50,26.5,3.6,7.2,.497,0.8,2.4,.328,2.8,4.8,.581,.552,0.9,1.1,.810,0.6,2.2,2.8,2.6,0.8,0.3,1.3,2.4,8.8,dosunay01
127,Devon Dotson,PG,23,WAS,6,0,8.8,0.2,1.7,.100,0.2,0.7,.250,0.0,1.0,.000,.150,0.0,0.0,,1.0,0.7,1.7,1.3,0.8,0.0,0.5,1.5,0.5,dotsode01
128,Jeff Dowtin,PG,25,TOR,22,0,10.3,1.1,2.5,.446,0.2,0.7,.313,0.9,1.8,.500,.491,0.2,0.3,.714,0.3,0.8,1.0,1.2,0.4,0.1,0.2,0.5,2.7,dowtije01
129,PJ Dozier,SG,26,SAC,11,0,2.6,0.4,1.3,.286,0.1,0.6,.143,0.3,0.6,.429,.321,0.0,0.0,,0.0,0.6,0.6,0.1,0.3,0.1,0.2,0.2,0.8,doziepj01
130,Goran Dragić,PG,36,TOT,53,0,15.1,2.4,5.7,.421,0.8,2.4,.349,1.5,3.3,.474,.495,0.5,0.8,.659,0.2,1.1,1.3,2.7,0.2,0.1,1.1,1.2,6.2,dragigo01
131,Andre Drummond,C,29,CHI,62,0,12.8,2.5,4.2,.608,0.0,0.0,.000,2.5,4.1,.615,.608,1.0,1.9,.539,2.1,4.6,6.7,0.5,0.7,0.4,1.2,1.8,6.1,drumman01
132,Chris Duarte,SF,25,IND,46,12,19.5,2.7,7.2,.369,1.2,3.8,.316,1.5,3.5,.428,.452,1.3,1.6,.847,0.4,2.1,2.5,1.4,0.5,0.2,0.9,1.4,7.9,duartch01
133,David Duke Jr.,SG,23,BRK,20,0,9.0,1.5,3.2,.460,0.1,0.4,.125,1.4,2.8,.509,.468,0.4,0.6,.636,0.4,0.7,1.1,0.8,0.4,0.1,0.8,1.4,3.3,dukeda01
134,Kris Dunn,PG,28,UTA,16,0,23.6,4.6,9.2,.497,0.8,1.8,.414,3.8,7.4,.517,.537,1.6,2.2,.743,0.5,3.6,4.1,5.2,1.1,0.4,1.4,2.6,11.5,dunnkr01
135,Kevin Durant,PF-SF,34,TOT,43,43,35.6,10.3,18.5,.559,1.9,4.8,.388,8.5,13.7,.619,.610,6.7,7.2,.929,0.4,6.4,6.8,5.2,0.8,1.4,3.3,2.3,29.2,duranke01
136,Jalen Duren,C,19,DET,61,27,24.5,3.7,5.8,.642,0.0,0.0,.000,3.7,5.8,.646,.642,1.4,2.3,.614,3.4,5.3,8.7,1.2,0.6,0.9,1.2,2.7,8.9,durenja01
137,Tari Eason,PF,21,HOU,77,5,21.2,3.6,7.9,.457,0.7,2.1,.346,2.9,5.8,.497,.502,1.3,1.8,.746,2.3,3.6,5.9,1.0,1.1,0.5,1.2,2.3,9.2,easonta01
138,Anthony Edwards,SG,21,MIN,74,74,36.1,8.9,19.3,.461,2.7,7.3,.369,6.2,12.0,.517,.531,4.0,5.3,.760,0.6,5.2,5.8,4.5,1.6,0.7,3.3,2.4,24.5,edwaran01
139,Kessler Edwards,SF,22,TOT,30,4,9.7,0.9,2.3,.400,0.4,1.4,.317,0.5,1.0,.517,.493,0.3,0.4,.750,0.6,0.9,1.5,0.5,0.2,0.2,0.4,0.9,2.6,edwarke02
140,Keon Ellis,SG,23,SAC,13,0,3.8,0.5,1.0,.538,0.5,0.8,.600,0.1,0.2,.333,.769,0.2,0.2,.667,0.3,0.3,0.6,0.3,0.2,0.1,0.1,0.7,1.7,elliske01
141,Joel Embiid,C,28,PHI,62,62,34.7,11.0,20.2,.544,1.0,3.0,.340,10.0,17.2,.580,.569,10.2,11.9,.856,1.8,8.4,10.2,4.2,1.1,1.7,3.5,3.1,33.2,embiijo01
142,Drew Eubanks,C,25,POR,74,24,19.8,2.6,3.9,.654,0.0,0.1,.300,2.5,3.8,.667,.659,1.0,1.5,.673,1.6,3.6,5.2,1.3,0.5,1.2,0.8,2.1,6.2,eubandr01
143,Bruno Fernando,C,24,TOT,35,4,10.7,1.4,2.8,.515,0.0,0.0,.000,1.4,2.7,.521,.515,0.9,1.3,.682,1.4,2.1,3.5,0.9,0.2,0.9,0.6,2.0,3.7,fernabr01
144,Dorian Finney-Smith,PF,29,TOT,62,62,30.6,2.9,7.6,.381,1.7,5.2,.324,1.2,2.4,.503,.491,0.7,0.9,.768,1.8,3.0,4.8,1.5,0.9,0.5,1.0,2.2,8.1,finnedo01
145,Malachi Flynn,PG,24,TOR,49,1,13.1,1.6,4.5,.351,0.9,2.6,.352,0.7,1.9,.351,.453,0.4,0.6,.724,0.3,1.1,1.4,1.3,0.4,0.1,0.5,1.2,4.5,flynnma01
146,Simone Fontecchio,SF,27,UTA,46,5,13.5,1.9,5.3,.363,1.1,3.3,.336,0.8,2.0,.409,.467,0.7,0.9,.825,0.5,0.8,1.4,0.8,0.2,0.2,0.7,1.1,5.7,fontesi01
147,Bryn Forbes,SG,29,MIN,25,0,10.7,1.2,3.3,.361,0.6,1.8,.304,0.6,1.5,.432,.446,0.6,0.6,1.000,0.2,0.4,0.6,0.7,0.3,0.1,0.5,0.9,3.6,forbebr01
148,Trent Forrest,PG,24,ATL,19,3,12.7,1.3,2.6,.480,0.0,0.1,.000,1.3,2.5,.500,.480,0.1,0.2,.667,0.3,1.3,1.5,1.6,0.3,0.1,0.6,0.8,2.6,forretr01
149,Michael Foster Jr.,PF,20,PHI,1,0,1.0,0.0,0.0,,0.0,0.0,,0.0,0.0,,,0.0,0.0,,0.0,0.0,0.0,0.0,0.0,0.0,0.0,0.0,0.0,fostemi02
150,Evan Fournier,SG,30,NYK,23,7,18.0,2.3,6.6,.351,1.4,4.4,.324,0.9,2.1,.408,.460,0.8,0.9,.857,0.2,1.8,2.0,1.5,0.6,0.1,0.8,1.9,6.8,fournev01
151,De'Aaron Fox,PG,25,SAC,68,68,33.7,9.4,18.2,.515,1.7,5.0,.334,7.7,13.2,.584,.561,4.8,6.2,.773,0.5,3.6,4.1,6.1,1.2,0.3,2.5,2.4,25.2,foxde01
152,Markelle Fultz,PG,24,ORL,55,55,30.1,5.7,11.4,.505,0.4,1.4,.278,5.3,9.9,.537,.522,2.0,2.5,.797,1.2,2.8,4.0,5.7,1.5,0.4,2.4,2.2,13.9,fultzma01
153,Wenyen Gabriel,PF,25,LAL,62,2,15.2,2.4,4.0,.596,0.2,0.5,.303,2.2,3.4,.642,.616,0.8,1.4,.619,1.8,2.5,4.3,0.5,0.4,0.5,0.7,2.2,5.7,gabriwe01
154,Daniel Gafford,C,24,WAS,73,42,20.2,3.5,4.8,.731,0.0,0.0,,3.5,4.8,.731,.731,1.5,2.3,.657,2.0,3.3,5.3,1.0,0.4,1.3,1.0,2.3,8.5,gaffoda01
155,Darius Garland,PG,23,CLE,66,66,35.3,7.6,16.3,.466,2.5,6.1,.409,5.1,10.2,.499,.542,4.1,4.8,.860,0.4,2.3,2.7,7.8,1.3,0.1,2.9,2.2,21.7,garlada01
156,Usman Garuba,PF,20,HOU,70,1,13.3,1.2,2.4,.503,0.3,0.8,.453,0.9,1.6,.526,.575,0.4,0.7,.609,1.6,2.6,4.2,0.9,0.6,0.4,0.6,1.8,3.1,garubus01
157,Luka Garza,C,24,MIN,26,0,9.0,2.3,4.3,.550,0.5,1.5,.368,1.8,2.8,.644,.613,1.6,2.0,.788,1.2,1.1,2.3,0.7,0.1,0.1,0.5,1.6,6.8,garzalu01
158,Rudy Gay,PF,36,UTA,56,0,14.6,1.9,5.1,.380,0.6,2.3,.254,1.4,2.8,.484,.437,0.8,0.9,.857,0.6,2.3,2.9,1.0,0.3,0.3,0.7,1.2,5.2,gayru01
159,Paul George,SG,32,LAC,56,56,34.6,8.2,17.9,.457,2.8,7.6,.371,5.4,10.3,.521,.536,4.6,5.3,.871,0.8,5.3,6.1,5.1,1.5,0.4,3.1,2.8,23.8,georgpa01
160,Taj Gibson,C,37,WAS,47,2,9.7,1.3,2.4,.535,0.1,0.4,.211,1.2,2.0,.600,.553,0.6,0.9,.700,0.7,1.2,1.9,0.7,0.3,0.3,0.5,1.7,3.3,gibsota01
161,Josh Giddey,SG,20,OKC,72,72,31.0,7.1,14.6,.486,1.0,3.0,.329,6.1,11.7,.526,.519,1.3,1.8,.746,2.0,5.9,7.9,6.2,0.8,0.4,2.8,1.9,16.5,giddejo01
162,Shai Gilgeous-Alexander,PG,24,OKC,64,64,35.5,10.4,20.3,.510,0.9,2.5,.350,9.5,17.9,.532,.532,9.7,10.7,.904,0.9,3.9,4.8,5.4,1.7,1.0,2.9,2.7,31.3,gilgesh01
163,Anthony Gill,PF,30,WAS,53,5,9.9,1.1,2.0,.571,0.1,0.4,.136,1.1,1.6,.687,.586,0.8,1.0,.782,0.6,0.9,1.5,0.5,0.1,0.2,0.2,1.1,3.1,gillan01
164,Rudy Gobert,C,30,MIN,65,65,30.9,5.2,7.9,.661,0.0,0.0,.000,5.2,7.8,.665,.661,3.3,5.1,.645,3.3,8.4,11.7,1.2,0.8,1.4,1.8,3.1,13.7,goberru01
165,Jordan Goodwin,PG,24,WAS,56,4,17.1,2.3,5.1,.458,0.6,1.6,.337,1.8,3.4,.516,.512,0.8,1.1,.754,0.9,2.2,3.1,2.4,0.9,0.4,0.8,1.5,6.0,goodwjo01
166,Aaron Gordon,PF,27,DEN,63,63,30.0,6.3,11.0,.575,0.9,2.6,.350,5.4,8.4,.644,.616,2.9,4.6,.623,2.3,4.1,6.5,2.9,0.8,0.7,1.5,1.9,16.4,gordoaa01
167,Eric Gordon,SG,34,TOT,65,54,29.0,4.3,9.6,.449,1.9,5.1,.373,2.4,4.4,.536,.549,2.2,2.6,.820,0.2,1.7,2.0,2.7,0.6,0.4,1.5,1.2,12.7,gordoer01
168,Devonte' Graham,PG,27,TOT,70,6,18.1,2.2,5.9,.378,1.6,4.6,.356,0.6,1.3,.456,.517,1.3,1.7,.770,0.3,1.4,1.7,2.7,0.6,0.2,0.7,1.1,7.4,grahade01
169,Jerami Grant,PF,28,POR,63,63,35.7,6.9,14.5,.475,2.3,5.7,.401,4.6,8.8,.523,.554,4.4,5.4,.813,0.8,3.7,4.5,2.4,0.8,0.8,1.8,2.4,20.5,grantje01
170,A.J. Green,SG,23,MIL,33,0,9.7,1.5,3.5,.440,1.3,2.9,.433,0.3,0.6,.474,.621,0.1,0.1,1.000,0.2,1.0,1.2,0.6,0.2,0.0,0.3,0.9,4.5,greenaj01
171,Danny Green,SG,35,TOT,9,0,9.8,1.0,2.6,.391,0.9,2.0,.444,0.1,0.6,.200,.565,0.1,0.1,1.000,0.2,0.6,0.8,0.2,0.3,0.1,0.7,1.1,3.0,greenda02
172,Draymond Green,PF,32,GSW,68,68,31.5,3.5,6.5,.532,0.6,1.8,.311,2.9,4.7,.616,.575,1.0,1.5,.703,0.8,6.4,7.3,6.9,1.0,0.8,2.7,3.1,8.5,greendr01
173,Jalen Green,SG,20,HOU,71,71,34.1,7.4,17.7,.415,2.5,7.4,.335,4.9,10.4,.472,.485,4.7,6.0,.788,0.6,3.2,3.8,3.6,0.8,0.3,2.7,1.7,21.9,greenja05
174,JaMychal Green,PF,32,GSW,56,1,14.0,2.4,4.5,.540,0.8,2.0,.382,1.7,2.5,.664,.624,0.9,1.2,.776,1.3,2.4,3.6,0.9,0.4,0.4,0.9,1.9,6.5,greenja01
175,Javonte Green,SG,29,CHI,31,1,15.1,2.0,3.4,.575,0.4,1.1,.382,1.5,2.3,.667,.637,0.9,1.4,.674,0.9,1.9,2.7,0.7,0.7,0.7,0.6,1.7,5.3,greenja02
176,Jeff Green,PF,36,DEN,51,3,19.3,2.9,5.8,.498,0.5,1.7,.292,2.4,4.1,.587,.542,1.5,2.0,.740,0.6,1.8,2.5,1.2,0.4,0.3,0.8,1.8,7.8,greenje02
177,Josh Green,SG,22,DAL,57,21,25.4,3.4,6.4,.533,1.1,2.8,.404,2.3,3.6,.634,.622,1.2,1.6,.723,0.9,2.0,2.9,1.7,0.7,0.1,1.2,2.6,9.2,greenjo02
178,AJ Griffin,SF,19,ATL,67,11,19.3,3.4,7.4,.467,1.4,3.6,.381,2.1,3.8,.547,.559,0.6,0.6,.905,0.5,1.6,2.1,1.0,0.6,0.2,0.6,1.2,8.8,griffaj01
179,Blake Griffin,C,33,BOS,35,14,14.1,1.7,3.4,.492,0.6,1.7,.345,1.1,1.7,.633,.576,0.5,0.7,.615,1.1,2.6,3.7,1.3,0.3,0.2,0.5,1.9,4.3,griffbl01
180,Quentin Grimes,SG,22,NYK,66,61,29.3,3.7,8.0,.457,2.0,5.4,.376,1.6,2.6,.624,.584,1.0,1.3,.791,0.7,2.6,3.3,2.0,0.6,0.4,1.0,2.5,10.4,grimequ01
181,Rui Hachimura,PF,24,TOT,57,9,23.4,4.5,9.3,.483,0.9,2.5,.338,3.6,6.7,.538,.529,1.4,1.9,.748,0.8,3.5,4.3,0.9,0.3,0.4,0.9,1.1,11.2,hachiru01
182,Tyrese Haliburton,PG,22,IND,56,56,33.6,7.4,15.0,.490,2.9,7.2,.400,4.5,7.8,.572,.586,3.1,3.6,.871,0.6,3.1,3.7,10.4,1.6,0.4,2.5,1.2,20.7,halibty01
183,Jordan Hall,SF,21,SAS,9,0,9.2,1.0,3.1,.321,0.3,1.7,.200,0.7,1.4,.462,.375,0.8,1.0,.778,0.3,1.0,1.3,1.2,0.1,0.0,0.8,0.7,3.1,halljo02
184,R.J. Hampton,PG,21,TOT,41,1,15.5,2.1,4.9,.425,0.9,2.4,.364,1.2,2.5,.485,.515,1.3,1.7,.757,0.4,1.3,1.7,1.2,0.6,0.1,1.0,1.0,6.3,hamptrj01
185,Tim Hardaway Jr.,SG,30,DAL,68,42,30.3,4.7,11.9,.394,2.9,7.8,.379,1.8,4.2,.423,.517,1.7,2.3,.766,0.3,3.2,3.5,1.7,0.7,0.2,0.9,1.7,14.1,hardati02
186,James Harden,PG,33,PHI,54,54,37.0,6.4,14.6,.438,2.8,7.3,.383,3.6,7.3,.492,.534,5.6,6.5,.864,0.7,5.6,6.3,10.9,1.2,0.5,3.4,1.9,21.3,hardeja01
187,Jaden Hardy,SG,20,DAL,43,3,14.7,3.0,6.8,.435,1.3,3.2,.417,1.6,3.6,.452,.534,1.5,1.7,.840,0.2,1.6,1.8,1.3,0.4,0.1,1.0,1.4,8.8,hardyja02
188,Ron Harper Jr.,SF,22,TOR,5,0,3.2,0.8,1.6,.500,0.4,1.0,.400,0.4,0.6,.667,.625,0.0,0.0,,0.2,0.2,0.4,0.0,0.0,0.0,0.0,0.0,2.0,harpero02
189,Montrezl Harrell,C,29,PHI,53,7,12.0,2.1,3.6,.598,0.0,0.1,.000,2.1,3.5,.608,.598,1.1,1.6,.690,1.2,1.5,2.7,0.6,0.3,0.5,0.6,1.4,5.4,harremo01
190,Gary Harris,SG,28,ORL,45,39,24.9,3.0,6.5,.460,2.0,4.6,.440,1.0,1.9,.512,.617,0.6,0.7,.900,0.4,1.6,2.0,1.2,1.0,0.2,0.6,2.0,8.6,harriga01
191,Joe Harris,SG,31,BRK,69,33,21.0,2.7,6.0,.456,1.9,4.5,.425,0.8,1.5,.548,.615,0.2,0.3,.625,0.3,2.0,2.3,1.4,0.4,0.2,0.6,2.0,7.6,harrijo01
192,Kevon Harris,SG,25,ORL,31,0,12.4,1.1,2.7,.410,0.4,1.0,.367,0.7,1.7,.434,.476,0.7,0.9,.815,0.8,1.1,1.9,0.4,0.5,0.1,0.5,1.4,3.3,harrike01
193,Tobias Harris,PF,30,PHI,71,71,33.1,5.8,11.6,.503,1.7,4.4,.395,4.1,7.2,.570,.578,1.6,1.8,.874,0.9,4.9,5.8,2.5,0.9,0.5,1.2,2.0,15.0,harrito02
194,Josh Hart,SF-SG,27,TOT,71,51,32.4,3.7,6.9,.535,0.8,2.2,.378,2.9,4.7,.608,.595,1.7,2.3,.750,1.9,5.9,7.8,3.8,1.2,0.3,1.5,2.6,9.9,hartjo01
195,Isaiah Hartenstein,C,24,NYK,77,7,19.8,2.1,4.0,.526,0.1,0.5,.216,2.0,3.5,.569,.539,0.6,0.8,.719,2.6,3.9,6.6,1.1,0.6,0.8,0.8,2.6,4.9,harteis01
196,Udonis Haslem,C,42,MIA,6,1,7.7,0.2,2.0,.083,0.0,0.3,.000,0.2,1.7,.100,.083,0.2,0.3,.500,0.7,0.7,1.3,0.0,0.2,0.2,0.0,1.3,0.5,hasleud01
197,Sam Hauser,PF,25,BOS,74,5,15.7,2.1,4.7,.450,1.7,4.0,.418,0.5,0.7,.630,.627,0.2,0.2,.706,0.4,2.1,2.5,0.8,0.3,0.3,0.3,1.3,6.1,hausesa01
198,Jaxson Hayes,C,22,NOP,46,2,13.2,1.9,3.4,.555,0.1,0.6,.103,1.8,2.7,.659,.565,1.3,1.8,.699,0.8,2.0,2.8,0.7,0.4,0.4,0.7,1.5,5.1,hayesja02
199,Killian Hayes,PG,21,DET,70,50,27.6,3.9,10.6,.372,1.0,3.7,.281,2.9,6.9,.421,.421,0.9,1.2,.786,0.3,2.5,2.8,6.1,1.4,0.3,2.2,2.9,9.9,hayeski01
200,Gordon Hayward,SF,32,CHO,50,50,31.5,5.5,11.6,.475,1.0,3.2,.325,4.5,8.4,.532,.520,2.6,3.2,.811,0.7,3.6,4.3,4.1,0.8,0.2,2.0,1.4,14.7,haywago01
201,Juancho Hernangómez,PF,27,TOR,42,10,14.6,1.1,2.7,.421,0.4,1.6,.254,0.7,1.1,.660,.496,0.2,0.4,.563,0.6,2.3,2.9,0.6,0.4,0.1,0.4,1.0,2.9,hernaju01
202,Willy Hernangómez,C,28,NOP,38,2,12.1,2.3,4.4,.527,0.1,0.3,.273,2.3,4.2,.544,.536,2.1,2.7,.779,1.5,3.2,4.7,0.9,0.4,0.3,1.0,1.7,6.9,hernawi01
203,Tyler Herro,SG,23,MIA,63,63,35.3,7.4,16.8,.441,3.1,8.1,.378,4.3,8.6,.500,.533,2.5,2.7,.930,0.4,5.0,5.5,4.2,0.8,0.3,2.4,1.6,20.4,herroty01
204,Buddy Hield,SF,30,IND,75,73,31.6,6.0,13.2,.454,3.6,8.6,.421,2.4,4.6,.514,.591,1.3,1.6,.826,0.9,4.2,5.0,2.8,1.2,0.3,1.8,2.0,16.9,hieldbu01
205,Haywood Highsmith,SF,26,MIA,51,9,17.5,1.7,3.9,.429,0.7,2.0,.350,1.0,1.9,.516,.520,0.2,0.5,.462,1.0,2.4,3.3,0.7,0.7,0.3,0.7,1.5,4.3,highsha01
206,George Hill,PG,36,TOT,44,1,18.0,1.6,3.5,.455,0.6,2.0,.322,1.0,1.5,.627,.545,0.9,1.1,.760,0.3,1.5,1.8,2.3,0.6,0.1,0.7,1.2,4.7,hillge01
207,Malcolm Hill,SF,27,CHI,5,0,1.8,0.4,0.8,.500,0.2,0.6,.333,0.2,0.2,1.000,.625,0.0,0.0,,0.0,0.6,0.6,0.0,0.0,0.0,0.0,0.2,1.0,hillma01
208,Aaron Holiday,PG,26,ATL,58,5,13.5,1.5,3.5,.423,0.6,1.4,.418,0.9,2.1,.426,.505,0.4,0.5,.833,0.4,0.8,1.2,1.4,0.6,0.2,0.6,1.3,3.9,holidaa01
209,Jrue Holiday,PG,32,MIL,63,61,32.7,7.3,15.3,.477,2.3,6.2,.380,5.0,9.2,.542,.554,2.4,2.8,.862,1.2,3.8,5.0,7.3,1.2,0.4,2.9,1.8,19.4,holidjr01
210,Justin Holiday,SG,33,TOT,43,2,15.2,1.6,4.3,.383,1.0,3.0,.336,0.6,1.2,.500,.503,0.0,0.1,.500,0.1,1.0,1.1,0.9,0.4,0.4,0.5,1.5,4.3,holidju01
211,Richaun Holmes,C,29,SAC,38,1,8.4,1.3,2.0,.667,0.1,0.1,.800,1.2,1.8,.657,.693,0.4,0.5,.789,0.7,1.3,1.9,0.1,0.1,0.3,0.4,1.3,3.1,holmeri01
212,Al Horford,C,36,BOS,60,60,30.6,3.6,7.5,.477,2.3,5.0,.447,1.3,2.5,.537,.626,0.3,0.4,.714,1.2,5.1,6.2,3.0,0.5,1.0,0.6,1.9,9.7,horfoal01
213,Talen Horton-Tucker,SG,22,UTA,62,17,19.5,3.7,8.8,.419,0.9,3.0,.291,2.8,5.8,.487,.470,1.6,2.2,.734,0.6,2.5,3.1,3.6,0.6,0.5,1.9,1.7,9.9,hortota01
214,Danuel House Jr.,SF,29,PHI,50,4,14.1,1.5,3.2,.475,0.7,1.9,.351,0.8,1.3,.656,.579,0.6,0.9,.696,0.2,1.5,1.6,0.7,0.3,0.2,0.5,1.2,4.3,houseda01
215,Caleb Houstan,SF,20,ORL,46,2,15.3,1.2,3.3,.368,0.8,2.4,.339,0.4,0.9,.450,.493,0.2,0.3,.846,0.7,1.4,2.0,0.5,0.2,0.1,0.3,1.3,3.5,houstca01
216,Trevor Hudgins,PG,23,HOU,5,0,5.6,0.4,1.8,.222,0.4,1.6,.250,0.0,0.2,.000,.333,0.6,0.6,1.000,0.0,0.0,0.0,0.6,0.0,0.0,0.2,0.2,1.8,hudgitr01
217,Kevin Huerter,SG,24,SAC,70,70,29.6,5.6,11.5,.489,2.8,6.8,.409,2.9,4.7,.602,.609,1.3,1.9,.723,0.6,2.8,3.4,3.0,1.1,0.3,1.3,2.4,15.4,huertke01
218,Jay Huff,C,24,WAS,3,0,4.0,0.3,0.7,.500,0.0,0.3,.000,0.3,0.3,1.000,.500,1.7,1.7,1.000,0.0,1.3,1.3,0.3,0.0,0.0,0.7,0.3,2.3,huffja01
219,De'Andre Hunter,SF,25,ATL,65,65,32.0,5.7,12.3,.459,1.5,4.3,.351,4.2,8.0,.516,.520,2.6,3.1,.823,0.7,3.6,4.3,1.4,0.5,0.3,1.2,3.0,15.4,huntede01
220,Bones Hyland,PG,22,TOT,51,1,19.3,4.1,10.2,.403,2.1,5.6,.380,2.0,4.6,.432,.508,1.6,1.9,.844,0.4,1.9,2.3,3.2,0.7,0.3,1.5,1.7,12.0,hylanbo01
221,Serge Ibaka,C,33,MIL,16,0,11.6,1.6,3.4,.481,0.4,1.1,.333,1.3,2.3,.556,.537,0.5,0.8,.615,0.9,1.8,2.8,0.3,0.1,0.4,0.7,1.4,4.1,ibakase01
222,Andre Iguodala,SF,39,GSW,8,0,14.1,0.9,1.9,.467,0.1,1.1,.111,0.8,0.8,1.000,.500,0.3,0.4,.667,0.4,1.8,2.1,2.4,0.5,0.4,1.1,1.4,2.1,iguodan01
223,Joe Ingles,SF,35,MIL,41,0,22.9,2.4,5.5,.432,1.8,4.5,.404,0.6,1.1,.545,.595,0.4,0.5,.857,0.3,2.7,3.0,3.2,0.7,0.1,1.2,1.8,7.0,inglejo01
224,Brandon Ingram,SF,25,NOP,39,39,33.3,8.8,18.3,.479,1.6,3.9,.404,7.2,14.4,.499,.522,5.0,5.6,.882,0.4,4.7,5.1,5.4,0.6,0.4,3.2,2.6,24.1,ingrabr01
225,Kyrie Irving,PG,30,TOT,57,57,37.0,9.8,19.9,.489,3.2,8.4,.378,6.6,11.6,.570,.569,4.1,4.6,.901,1.0,4.1,5.1,5.5,1.1,0.8,2.2,2.7,26.8,irvinky01
226,Jonathan Isaac,PF,25,ORL,11,0,11.3,2.0,4.8,.415,0.5,1.4,.400,1.5,3.5,.421,.472,0.5,0.8,.556,1.4,2.6,4.0,0.5,1.3,0.4,0.4,0.5,5.0,isaacjo01
227,Jaden Ivey,SG,20,DET,68,67,30.6,5.3,12.8,.414,1.5,4.5,.342,3.8,8.3,.453,.474,3.6,4.9,.740,1.0,2.9,3.9,5.0,0.8,0.3,3.1,3.2,15.8,iveyja01
228,Frank Jackson,PG,24,UTA,1,0,5.0,0.0,3.0,.000,0.0,1.0,.000,0.0,2.0,.000,.000,0.0,0.0,,1.0,1.0,2.0,1.0,0.0,0.0,0.0,0.0,0.0,jacksfr01
229,Isaiah Jackson,C,21,IND,58,9,16.0,2.8,5.0,.562,0.0,0.2,.143,2.8,4.8,.583,.566,1.4,2.1,.650,1.8,2.6,4.3,0.8,0.5,1.4,0.8,2.4,7.0,jacksis01
230,Jaren Jackson Jr.,C,23,MEM,58,58,28.1,6.4,12.7,.503,1.5,4.4,.340,4.9,8.3,.590,.562,3.6,4.7,.779,1.7,5.1,6.7,0.9,1.1,3.1,1.7,3.6,17.9,jacksja02
231,Justin Jackson,SF,27,BOS,23,0,4.7,0.3,1.2,.259,0.2,0.9,.250,0.1,0.3,.286,.352,0.0,0.1,.500,0.1,0.7,0.7,0.4,0.2,0.2,0.1,0.3,0.9,jacksju01
232,Quenton Jackson,PG,24,WAS,4,0,2.8,0.8,1.5,.500,0.3,0.8,.333,0.5,0.8,.667,.583,0.0,0.0,,0.3,0.0,0.3,0.3,0.3,0.0,0.0,0.3,1.8,jacksqu01
233,Reggie Jackson,PG,32,TOT,62,38,24.6,3.8,9.4,.405,1.4,4.1,.342,2.4,5.2,.455,.481,1.1,1.2,.905,0.4,1.7,2.1,3.4,0.7,0.1,1.7,1.7,10.1,jacksre01
234,LeBron James,PF,38,LAL,49,48,35.8,11.2,22.3,.502,2.1,6.7,.306,9.1,15.5,.587,.549,4.8,6.3,.765,1.2,7.1,8.4,6.8,0.9,0.5,3.2,1.7,29.2,jamesle01
235,Ty Jerome,SG,25,GSW,44,2,18.5,2.7,5.5,.488,0.8,2.0,.389,1.9,3.5,.546,.560,0.9,0.9,.927,0.2,1.6,1.8,3.1,0.5,0.1,0.7,1.5,7.0,jeromty01
236,Isaiah Joe,SG,23,OKC,69,10,18.8,3.1,6.9,.450,2.2,5.4,.418,0.8,1.5,.569,.614,1.0,1.2,.826,0.4,2.0,2.4,1.2,0.6,0.1,0.5,1.4,9.4,joeis01
237,Alize Johnson,PF,26,SAS,4,0,7.5,0.8,1.5,.500,0.0,0.5,.000,0.8,1.0,.750,.500,0.3,0.5,.500,0.5,2.0,2.5,0.3,0.3,0.0,1.0,0.8,1.8,johnsal02
238,Cameron Johnson,PF,26,TOT,37,36,28.0,5.2,11.4,.460,2.6,6.4,.403,2.6,5.0,.533,.573,2.4,2.9,.830,0.8,3.5,4.3,1.8,1.1,0.4,0.8,2.0,15.4,johnsca02
239,Jalen Johnson,SF,21,ATL,64,6,14.5,2.0,4.3,.480,0.4,1.4,.292,1.6,2.9,.571,.527,0.7,1.0,.652,0.7,3.2,3.9,1.0,0.5,0.4,0.5,1.5,5.2,johnsja05
240,James Johnson,PF,35,IND,16,1,8.6,1.0,2.4,.421,0.2,0.8,.231,0.8,1.6,.520,.461,0.3,0.5,.500,0.1,1.3,1.4,0.7,0.3,0.4,0.3,1.8,2.4,johnsja01
241,Keldon Johnson,SF,23,SAS,61,61,32.8,8.0,17.6,.453,2.1,6.4,.332,5.8,11.1,.524,.514,3.9,5.2,.748,0.9,4.2,5.1,2.9,0.7,0.2,2.1,2.0,22.0,johnske04
242,Keon Johnson,SG,20,POR,40,0,10.4,1.7,4.5,.376,0.7,2.0,.346,1.0,2.4,.402,.455,0.7,1.0,.659,0.3,0.8,1.1,1.5,0.5,0.2,1.1,1.1,4.7,johnske07
243,Stanley Johnson,SF,26,SAS,30,0,15.6,2.2,4.1,.533,0.6,1.3,.450,1.6,2.7,.573,.607,0.9,1.3,.667,0.7,2.4,3.2,2.2,0.5,0.2,1.1,1.6,5.8,johnsst04
244,Nikola Jokić,C,27,DEN,67,67,33.9,9.5,15.0,.634,0.9,2.2,.390,8.7,12.8,.676,.663,5.1,6.1,.823,2.5,9.4,11.9,9.9,1.2,0.7,3.5,2.6,24.9,jokicni01
245,Carlik Jones,PG,25,CHI,3,0,8.0,0.3,1.7,.200,0.0,0.3,.000,0.3,1.3,.250,.200,0.3,1.3,.250,0.3,0.7,1.0,0.7,0.0,0.0,0.3,0.3,1.0,jonesca03
246,Damian Jones,C,27,TOT,36,1,10.3,1.1,1.9,.588,0.2,0.3,.500,0.9,1.6,.607,.632,0.5,0.7,.760,1.0,1.8,2.8,0.3,0.2,0.6,0.5,1.2,2.9,jonesda03
247,Derrick Jones Jr.,SF,25,CHI,59,0,14.0,1.8,3.6,.505,0.4,1.2,.333,1.4,2.4,.587,.559,1.0,1.3,.759,0.9,1.4,2.4,0.6,0.4,0.6,0.4,1.4,5.0,jonesde02
248,Herbert Jones,SF,24,NOP,60,60,29.0,3.5,7.5,.460,0.8,2.5,.303,2.7,5.0,.540,.511,1.8,2.4,.741,1.5,2.5,4.0,2.4,1.6,0.6,1.3,3.2,9.4,joneshe01
249,Kai Jones,C,22,CHO,41,0,10.7,1.3,2.3,.585,0.1,0.3,.250,1.3,2.0,.634,.601,0.4,0.6,.739,0.9,1.8,2.7,0.2,0.3,0.5,0.6,1.4,3.2,joneska01
250,Tre Jones,PG,23,SAS,62,59,29.1,4.9,11.0,.448,0.6,2.3,.269,4.3,8.6,.496,.476,2.1,2.4,.860,0.8,2.7,3.4,6.3,1.4,0.1,1.6,1.5,12.5,jonestr01
251,Tyus Jones,PG,26,MEM,75,21,24.2,4.0,8.9,.443,1.5,4.0,.380,2.4,4.9,.495,.528,1.0,1.3,.792,0.4,2.1,2.5,5.1,1.0,0.1,0.9,0.4,10.5,jonesty01
252,DeAndre Jordan,C,34,DEN,35,5,14.3,2.1,2.8,.773,0.0,0.0,1.000,2.1,2.7,.771,.778,0.5,1.2,.439,1.2,3.6,4.8,0.9,0.2,0.6,1.2,1.9,4.8,jordade01
253,Cory Joseph,PG,31,DET,56,2,18.8,2.3,5.3,.423,1.0,2.6,.378,1.3,2.8,.465,.513,1.0,1.2,.809,0.3,1.3,1.6,3.4,0.5,0.1,0.9,1.4,6.4,josepco01
254,Nikola Jović,PF,19,MIA,15,8,13.6,1.9,4.6,.406,0.5,2.3,.229,1.3,2.3,.588,.464,1.2,1.3,.947,0.6,1.5,2.1,0.7,0.5,0.1,0.7,1.3,5.5,jovicni01
255,Johnny Juzang,SF,21,UTA,14,0,12.0,1.8,5.2,.342,0.9,3.5,.245,0.9,1.7,.542,.425,0.1,0.3,.500,0.2,1.6,1.9,0.5,0.2,0.2,0.1,0.8,4.6,juzanjo01
256,Mfiondu Kabengele,PF,25,BOS,2,0,7.0,0.5,1.0,.500,0.0,0.5,.000,0.5,0.5,1.000,.500,0.0,0.0,,1.5,1.0,2.5,0.0,0.0,0.0,0.5,1.5,1.0,kabenmf01
257,Frank Kaminsky,C,29,TOT,34,0,6.3,0.8,1.6,.491,0.4,0.9,.400,0.4,0.7,.600,.600,0.4,0.5,.875,0.1,1.2,1.3,0.8,0.2,0.1,0.3,0.6,2.4,kaminfr01
258,Trevor Keels,SG,19,NYK,3,0,2.7,0.3,1.3,.250,0.3,1.3,.250,0.0,0.0,,.375,0.0,0.0,,0.0,0.7,0.7,0.0,0.0,0.0,0.0,0.0,1.0,keelstr01
259,Luke Kennard,SG,26,TOT,55,12,21.6,3.0,6.3,.485,2.1,4.3,.489,0.9,2.0,.477,.653,0.6,0.7,.946,0.2,2.3,2.5,1.5,0.5,0.1,0.8,1.4,8.8,kennalu01
260,Walker Kessler,C,21,UTA,72,38,22.9,4.0,5.5,.720,0.0,0.0,.500,3.9,5.5,.721,.721,1.1,2.2,.522,3.1,5.3,8.4,0.9,0.4,2.4,0.8,2.3,9.1,kesslwa01
261,Braxton Key,SF,25,DET,3,0,3.0,0.3,0.3,1.000,0.0,0.0,,0.3,0.3,1.000,1.000,0.7,0.7,1.000,0.0,0.3,0.3,0.0,0.0,0.0,0.0,0.0,1.3,keybr01
262,Corey Kispert,SF,23,WAS,68,39,28.1,3.7,7.4,.495,2.1,4.9,.423,1.6,2.6,.632,.634,0.9,1.1,.851,0.4,2.3,2.8,1.2,0.5,0.1,0.8,1.3,10.3,kispeco01
263,Maxi Kleber,C,31,DAL,34,5,25.9,2.1,4.6,.456,1.1,3.1,.352,1.0,1.6,.660,.573,0.8,1.1,.703,0.9,2.9,3.7,1.3,0.3,0.9,0.7,2.4,6.1,klebima01
264,Nathan Knight,PF,25,MIN,36,0,7.9,1.2,2.2,.564,0.2,0.6,.364,1.0,1.6,.643,.615,1.1,1.5,.691,0.6,0.9,1.5,0.4,0.3,0.2,0.5,1.0,3.7,knighna01
265,Kevin Knox,PF-SF,23,TOT,57,2,13.6,2.0,4.4,.462,0.9,2.6,.342,1.1,1.8,.637,.564,0.5,0.7,.816,0.5,2.1,2.6,0.4,0.3,0.2,0.7,1.6,5.5,knoxke01
266,Christian Koloko,C,22,TOR,52,19,14.1,1.2,2.6,.463,0.0,0.2,.100,1.2,2.4,.492,.467,0.7,1.1,.655,1.5,1.6,3.0,0.5,0.4,1.1,0.3,2.3,3.1,kolokch01
267,John Konchar,SG,26,MEM,67,22,20.8,1.9,4.4,.423,0.9,2.5,.347,1.0,1.9,.523,.522,0.4,0.5,.800,0.8,3.4,4.2,1.3,1.0,0.3,0.5,1.6,5.1,konchjo01
268,Furkan Korkmaz,SG,25,PHI,33,0,8.9,1.2,2.8,.440,0.4,1.1,.351,0.8,1.6,.500,.511,0.7,1.0,.706,0.2,0.8,1.0,0.6,0.2,0.1,0.6,0.4,3.5,korkmfu01
269,Luke Kornet,C,27,BOS,63,0,11.4,1.7,2.4,.693,0.0,0.2,.273,1.6,2.2,.727,.703,0.5,0.6,.811,1.3,1.5,2.8,0.7,0.2,0.7,0.4,1.2,3.8,kornelu01
270,Vit Krejci,PG,22,ATL,25,0,5.4,0.5,1.2,.419,0.2,0.7,.278,0.3,0.5,.615,.500,0.0,0.1,.500,0.1,0.6,0.7,0.5,0.1,0.0,0.2,0.6,1.3,krejcvi01
271,Jonathan Kuminga,PF,20,GSW,62,14,20.7,3.8,7.4,.516,0.8,2.2,.358,3.0,5.2,.584,.570,1.3,2.0,.650,1.0,2.3,3.3,1.8,0.6,0.5,1.4,2.4,9.7,kuminjo01
272,Kyle Kuzma,PF,27,WAS,64,64,35.0,8.0,17.8,.448,2.5,7.5,.333,5.5,10.3,.533,.518,2.7,3.7,.730,0.9,6.4,7.2,3.7,0.6,0.5,3.0,2.3,21.2,kuzmaky01
273,Anthony Lamb,SF,25,GSW,57,3,19.8,2.5,5.2,.471,1.3,3.4,.376,1.2,1.8,.650,.594,0.7,1.0,.750,0.9,2.5,3.4,1.6,0.5,0.3,0.9,2.2,6.9,lamban01
274,Jock Landale,C,27,PHO,65,3,14.2,2.5,4.8,.523,0.3,1.3,.244,2.2,3.5,.623,.555,1.2,1.6,.765,1.7,2.3,4.0,1.0,0.2,0.5,0.9,1.9,6.5,landajo01
275,Romeo Langford,SG,23,SAS,39,21,20.1,3.0,6.3,.478,0.4,1.5,.281,2.6,4.8,.537,.510,0.8,1.3,.673,1.4,1.4,2.8,1.2,0.5,0.3,0.6,1.7,7.3,langfro01
276,Jake LaRavia,PF,21,MEM,34,0,12.1,1.1,2.8,.389,0.7,2.1,.338,0.4,0.7,.542,.516,0.2,0.3,.778,0.6,1.3,1.9,0.6,0.4,0.1,0.5,1.4,3.1,laravja01
277,Zach LaVine,SG,27,CHI,72,72,36.2,8.8,18.0,.486,2.7,7.1,.382,6.1,10.9,.553,.561,4.7,5.6,.848,0.6,4.0,4.6,4.2,0.9,0.2,2.6,2.1,25.0,lavinza01
278,A.J. Lawson,SG,22,TOT,13,0,4.8,1.0,2.0,.500,0.5,1.2,.438,0.5,0.8,.600,.635,0.1,0.2,.333,0.2,0.6,0.8,0.1,0.1,0.0,0.1,0.6,2.6,lawsoaj01
279,Damion Lee,SG,30,PHO,71,5,20.5,2.7,6.1,.446,1.5,3.4,.448,1.2,2.7,.443,.570,1.3,1.4,.902,0.5,2.5,3.0,1.4,0.4,0.1,1.0,1.6,8.3,leeda03
280,Saben Lee,PG,23,TOT,22,0,13.7,1.7,4.0,.420,0.3,0.9,.350,1.4,3.1,.441,.460,1.6,2.1,.766,0.5,1.2,1.7,2.5,0.7,0.0,1.0,1.2,5.3,leesa01
281,Alex Len,C,29,SAC,20,1,4.1,0.4,0.9,.471,0.0,0.1,.000,0.4,0.8,.533,.471,0.3,0.5,.600,0.3,1.1,1.4,0.3,0.1,0.2,0.5,0.8,1.1,lenal01
282,Kawhi Leonard,SF,31,LAC,47,45,33.6,8.5,16.6,.513,1.9,4.7,.414,6.6,11.9,.553,.572,4.7,5.4,.869,1.1,5.2,6.3,4.0,1.5,0.5,1.6,1.6,23.6,leonaka01
283,Meyers Leonard,C,30,MIL,6,0,8.5,1.3,2.3,.571,0.8,1.7,.500,0.5,0.7,.750,.750,0.5,0.7,.750,0.3,1.8,2.2,0.0,0.2,0.0,0.3,1.2,4.0,leoname01
284,Caris LeVert,SG,28,CLE,71,29,30.0,4.3,10.0,.427,1.6,4.3,.380,2.6,5.7,.462,.508,1.8,2.5,.720,0.7,3.1,3.8,3.9,1.0,0.3,1.6,2.3,11.9,leverca01
285,Kira Lewis Jr.,PG,21,NOP,24,0,9.7,1.7,3.7,.455,0.6,1.4,.441,1.0,2.3,.463,.540,0.7,0.8,.850,0.2,1.2,1.4,1.0,0.4,0.1,0.4,1.0,4.7,lewiski01
286,Damian Lillard,PG,32,POR,58,58,36.3,9.6,20.7,.463,4.2,11.3,.371,5.4,9.4,.574,.564,8.8,9.6,.914,0.8,4.0,4.8,7.3,0.9,0.3,3.3,1.9,32.2,lillada01
287,Nassir Little,SF,22,POR,53,4,18.2,2.5,5.6,.441,1.1,2.9,.359,1.4,2.7,.531,.535,0.6,0.8,.727,0.5,2.1,2.6,0.9,0.4,0.4,0.7,1.2,6.6,littlna01
288,Isaiah Livers,PF,24,DET,49,19,22.8,2.2,5.4,.413,1.3,3.8,.349,0.9,1.6,.564,.536,0.5,0.7,.788,0.5,2.1,2.7,0.8,0.6,0.5,0.6,1.9,6.3,liveris01
289,Kenneth Lofton Jr.,PF,20,MEM,19,0,5.5,1.4,2.9,.482,0.3,0.6,.417,1.2,2.3,.500,.527,0.4,0.7,.538,0.5,1.0,1.5,0.9,0.2,0.1,0.3,1.0,3.5,loftoke01
290,Kevon Looney,C,26,GSW,77,67,23.8,3.0,4.7,.636,0.0,0.0,.000,3.0,4.7,.638,.636,1.2,1.9,.600,3.3,5.8,9.1,2.5,0.6,0.6,0.6,2.8,7.2,looneke01
291,Brook Lopez,C,34,MIL,74,74,30.5,6.0,11.5,.526,1.8,4.8,.372,4.3,6.7,.635,.603,1.9,2.4,.781,2.0,4.8,6.8,1.3,0.5,2.5,1.4,2.6,15.7,lopezbr01
292,Robin Lopez,C,34,CLE,34,1,7.5,1.1,1.8,.650,0.1,0.1,.667,1.1,1.7,.649,.667,0.4,0.5,.750,0.6,0.7,1.3,0.4,0.0,0.2,0.6,1.0,2.7,lopezro01
293,Kevin Love,PF,34,TOT,58,20,20.3,2.6,6.8,.384,1.6,4.8,.332,1.0,2.1,.504,.500,1.3,1.4,.880,1.0,5.6,6.5,1.9,0.3,0.2,1.1,1.6,8.1,loveke01
294,Kyle Lowry,PG,36,MIA,51,44,32.1,3.7,9.1,.404,2.0,5.8,.346,1.7,3.3,.506,.514,2.1,2.5,.858,0.8,3.4,4.2,5.1,1.1,0.4,1.9,2.7,11.5,lowryky01
295,Trey Lyles,PF,27,SAC,68,0,16.9,2.5,5.5,.464,1.2,3.2,.367,1.4,2.3,.600,.571,1.5,1.8,.815,0.9,3.1,4.0,0.9,0.4,0.4,0.9,1.3,7.8,lylestr01
296,Théo Maledon,PG,21,CHO,39,2,16.9,1.9,4.7,.404,0.6,1.8,.319,1.3,2.8,.459,.467,1.4,1.6,.871,0.3,2.2,2.5,2.7,0.7,0.3,1.1,1.2,5.8,maledth01
297,Sandro Mamukelashvili,C,23,TOT,37,3,13.7,1.8,4.6,.402,0.6,2.2,.288,1.2,2.4,.506,.470,0.8,1.1,.690,1.3,2.4,3.7,1.2,0.2,0.2,0.6,1.3,5.1,mamuksa01
298,Terance Mann,SG,26,LAC,76,36,23.2,3.4,6.5,.524,0.9,2.4,.387,2.5,4.1,.606,.597,1.2,1.5,.789,1.0,2.5,3.5,2.3,0.5,0.3,1.0,1.8,9.0,mannte01
299,Tre Mann,PG,21,OKC,64,4,17.7,2.9,7.5,.387,1.3,3.9,.317,1.7,3.6,.463,.470,0.6,0.8,.740,0.4,1.8,2.2,1.7,0.6,0.2,0.9,1.5,7.7,manntr01
300,Boban Marjanović,C,34,HOU,27,0,5.2,1.2,1.9,.660,0.0,0.0,.000,1.2,1.8,.673,.660,0.7,0.9,.750,0.6,1.3,1.9,0.3,0.1,0.0,0.4,0.3,3.1,marjabo01
301,Lauri Markkanen,SF,25,UTA,65,65,34.4,8.7,17.3,.501,3.1,7.7,.396,5.6,9.6,.586,.589,5.3,6.0,.873,2.0,6.7,8.6,1.9,0.6,0.6,1.9,2.1,25.7,markkla01
302,Naji Marshall,SF,25,NOP,71,21,24.2,3.4,7.7,.435,0.9,3.0,.305,2.4,4.7,.518,.495,1.8,2.3,.798,0.7,3.1,3.7,2.5,0.7,0.2,1.3,1.5,9.5,marshna01
303,Caleb Martin,PF,27,MIA,66,49,29.5,3.6,7.9,.462,1.3,3.5,.364,2.4,4.4,.540,.542,1.3,1.7,.798,1.3,3.7,5.0,1.6,1.0,0.5,1.1,2.1,9.8,martica02
304,Cody Martin,SF,27,CHO,7,0,19.1,2.0,5.1,.389,0.4,2.0,.214,1.6,3.1,.500,.431,0.6,1.0,.571,1.1,2.3,3.4,1.6,0.6,0.1,0.3,1.9,5.0,martico01
305,Kenyon Martin Jr.,SF,22,HOU,77,44,27.8,5.0,8.8,.570,0.9,2.7,.319,4.1,6.1,.682,.619,1.8,2.6,.680,1.5,4.0,5.5,1.5,0.5,0.4,1.2,1.8,12.7,martike04
306,Tyrese Martin,SG,23,ATL,13,0,3.5,0.5,1.2,.375,0.1,0.4,.200,0.4,0.8,.455,.406,0.2,0.2,1.000,0.2,0.3,0.5,0.0,0.1,0.0,0.1,0.2,1.2,martity01
307,Garrison Mathews,SG,26,TOT,51,0,12.8,1.3,3.6,.366,1.2,3.3,.353,0.2,0.4,.474,.524,0.8,0.9,.896,0.2,1.2,1.4,0.5,0.5,0.1,0.4,1.2,4.7,mathega01
308,Bennedict Mathurin,SF,20,IND,73,12,28.0,5.3,12.2,.434,1.3,4.1,.319,4.0,8.1,.492,.488,4.7,5.6,.825,1.1,2.9,4.0,1.4,0.6,0.1,1.8,2.0,16.6,mathube01
309,Wesley Matthews,SG,36,MIL,46,0,15.5,1.1,3.0,.355,0.8,2.4,.321,0.3,0.6,.483,.482,0.5,0.5,.875,0.7,1.5,2.1,0.6,0.4,0.3,0.3,1.4,3.3,matthwe02
310,Tyrese Maxey,SG,22,PHI,57,38,33.4,7.4,15.5,.480,2.6,6.2,.427,4.8,9.3,.515,.565,3.1,3.6,.841,0.4,2.5,2.9,3.6,0.8,0.1,1.3,2.2,20.5,maxeyty01
311,Miles McBride,PG,22,NYK,59,2,11.8,1.2,3.3,.358,0.6,2.1,.306,0.5,1.2,.449,.456,0.5,0.7,.675,0.2,0.6,0.8,1.2,0.6,0.1,0.4,0.9,3.4,mcbrimi01
312,CJ McCollum,SG,31,NOP,69,69,35.0,7.8,17.9,.435,2.8,7.3,.386,5.0,10.6,.469,.513,2.4,3.1,.788,0.8,3.6,4.4,5.9,0.9,0.5,2.5,2.0,20.8,mccolcj01
313,T.J. McConnell,PG,30,IND,72,6,20.2,3.6,6.8,.532,0.3,0.8,.436,3.3,6.0,.544,.556,0.7,0.9,.841,0.6,2.4,3.0,5.2,1.1,0.1,1.9,1.3,8.3,mccontj01
314,Jaden McDaniels,SF,22,MIN,74,74,30.6,4.7,9.1,.516,1.3,3.4,.388,3.4,5.7,.591,.588,1.4,1.9,.741,1.2,2.7,3.9,1.9,0.9,0.9,1.4,3.5,12.1,mcdanja02
315,Jalen McDaniels,SF,25,TOT,74,22,24.0,3.5,7.7,.453,0.9,3.0,.320,2.6,4.8,.535,.514,1.5,1.8,.833,0.8,3.6,4.4,1.6,1.0,0.4,1.2,2.7,9.4,mcdanja01
316,Doug McDermott,SF,31,SAS,62,0,20.6,3.7,8.1,.457,1.9,4.6,.416,1.8,3.5,.512,.576,0.7,1.0,.738,0.3,1.8,2.2,1.5,0.2,0.1,0.9,1.8,10.0,mcderdo01
317,JaVale McGee,C,35,DAL,39,7,8.1,1.8,2.9,.619,0.0,0.1,.250,1.8,2.8,.633,.624,0.6,0.9,.595,0.7,1.8,2.5,0.3,0.1,0.6,0.9,1.3,4.2,mcgeeja01
318,Bryce McGowens,SG,20,CHO,41,2,15.4,1.3,3.7,.364,0.5,1.5,.328,0.9,2.2,.389,.430,1.0,1.3,.750,0.4,1.3,1.7,1.0,0.3,0.1,0.7,1.0,4.1,mcgowbr01
319,Rodney McGruder,SG,31,DET,33,12,15.9,1.9,4.6,.408,1.2,2.9,.423,0.6,1.7,.382,.543,0.5,0.7,.818,0.6,1.6,2.2,0.8,0.5,0.0,0.3,1.2,5.5,mcgruro01
320,Jordan McLaughlin,PG,26,MIN,39,0,15.9,1.5,3.5,.426,0.5,1.8,.292,0.9,1.6,.578,.504,0.3,0.4,.786,0.4,1.1,1.5,3.3,0.8,0.1,0.8,0.6,3.8,mclaujo01
321,De'Anthony Melton,PG,24,PHI,73,56,28.2,3.7,8.6,.430,2.1,5.3,.399,1.6,3.3,.479,.553,0.9,1.1,.795,0.9,3.2,4.2,2.6,1.7,0.5,1.4,2.5,10.4,meltode01
322,Sam Merrill,SG,26,CLE,3,0,3.7,0.3,1.3,.250,0.0,1.0,.000,0.3,0.3,1.000,.250,0.0,0.0,,0.0,0.3,0.3,0.3,0.0,0.0,0.0,0.7,0.7,merrisa01
323,Chimezie Metu,C,25,SAC,62,0,10.6,2.0,3.3,.592,0.1,0.6,.243,1.8,2.7,.669,.614,0.7,0.9,.759,0.7,2.3,3.0,0.6,0.3,0.3,0.5,1.3,4.8,metuch01
324,Khris Middleton,SF,31,MIL,30,16,24.7,5.5,12.5,.441,1.6,5.0,.315,4.0,7.6,.524,.504,2.9,3.2,.896,0.9,3.5,4.4,5.0,0.8,0.2,2.3,2.1,15.5,middlkh01
325,Patty Mills,PG,34,BRK,39,1,13.6,2.1,5.1,.419,1.2,3.2,.376,0.9,1.9,.493,.538,0.5,0.6,.913,0.2,0.9,1.1,1.4,0.4,0.1,0.7,0.7,6.0,millspa02
326,Shake Milton,SG,26,PHI,71,9,20.3,3.1,6.4,.481,0.7,1.9,.387,2.4,4.5,.522,.539,1.3,1.5,.853,0.5,2.0,2.5,2.9,0.3,0.2,1.2,1.6,8.3,miltosh01
327,Josh Minott,SF,20,MIN,14,0,6.6,1.3,2.4,.529,0.1,0.4,.333,1.1,2.0,.571,.559,0.6,0.6,1.000,0.4,1.4,1.8,0.3,0.3,0.4,0.2,0.7,3.3,minotjo01
328,Davion Mitchell,PG,24,SAC,75,8,18.1,2.3,4.9,.458,0.8,2.4,.320,1.5,2.5,.590,.537,0.3,0.4,.806,0.2,1.1,1.3,2.2,0.5,0.2,0.8,1.4,5.6,mitchda01
329,Donovan Mitchell,SG,26,CLE,65,65,35.6,9.8,20.5,.476,3.6,9.4,.380,6.2,11.1,.557,.563,4.6,5.3,.871,1.0,3.2,4.2,4.5,1.5,0.4,2.6,2.4,27.6,mitchdo01
330,Evan Mobley,PF,21,CLE,75,75,34.5,6.7,12.1,.557,0.3,1.3,.212,6.4,10.7,.599,.569,2.7,4.0,.673,2.4,6.6,9.0,2.8,0.8,1.5,1.9,2.8,16.4,mobleev01
331,Isaiah Mobley,PF,23,CLE,11,0,3.0,0.5,0.9,.500,0.1,0.3,.333,0.4,0.6,.571,.550,0.0,0.0,,0.1,1.0,1.1,0.0,0.1,0.1,0.0,0.2,1.0,mobleis01
332,Chima Moneke,SF,27,SAC,2,0,4.0,0.5,1.0,.500,0.0,0.0,,0.5,1.0,.500,.500,0.0,1.0,.000,1.0,0.0,1.0,0.5,0.0,0.0,1.0,1.0,1.0,monekch01
333,Malik Monk,SG,24,SAC,73,0,22.3,4.6,10.3,.445,1.8,5.2,.357,2.8,5.2,.533,.534,2.5,2.8,.891,0.4,2.2,2.7,3.9,0.6,0.3,1.9,1.6,13.5,monkma01
334,Moses Moody,SG,20,GSW,59,3,12.7,1.5,3.4,.450,0.7,2.1,.341,0.8,1.3,.620,.554,0.6,0.9,.692,0.4,1.2,1.6,0.8,0.3,0.1,0.5,0.8,4.4,moodymo01
335,Xavier Moon,SG,28,LAC,2,0,4.5,0.0,1.0,.000,0.0,0.0,,0.0,1.0,.000,.000,0.0,0.0,,0.0,1.0,1.0,1.0,0.0,0.0,0.0,0.5,0.0,moonxa01
336,Wendell Moore Jr.,SG,21,MIN,27,2,5.5,0.6,1.6,.405,0.1,0.6,.118,0.6,0.9,.600,.429,0.1,0.2,.800,0.1,0.5,0.6,0.7,0.3,0.2,0.3,0.5,1.5,moorewe01
337,Ja Morant,PG,23,MEM,57,55,32.1,9.5,20.4,.465,1.5,5.0,.309,7.9,15.4,.515,.503,6.4,8.5,.754,1.1,4.7,5.8,8.1,1.1,0.3,3.4,1.7,26.9,moranja01
338,Marcus Morris,PF,33,LAC,65,65,28.1,4.2,9.9,.426,1.7,4.7,.364,2.5,5.2,.484,.513,1.0,1.3,.782,0.4,3.5,4.0,1.8,0.6,0.3,0.9,2.1,11.2,morrima03
339,Markieff Morris,PF,33,TOT,33,1,9.7,1.2,2.8,.413,0.7,1.7,.411,0.5,1.1,.417,.538,0.3,0.3,1.000,0.4,1.5,1.9,0.8,0.3,0.2,0.5,1.3,3.3,morrima02
340,Monte Morris,PG,27,WAS,61,60,27.6,4.0,8.4,.482,1.3,3.3,.383,2.8,5.1,.547,.558,1.0,1.2,.829,0.4,3.0,3.4,5.3,0.7,0.2,1.0,1.2,10.4,morrimo01
341,Trey Murphy III,SF,22,NOP,73,59,30.3,4.8,9.8,.484,2.5,6.1,.409,2.2,3.7,.607,.612,1.9,2.1,.914,0.8,2.9,3.6,1.4,1.1,0.5,0.8,2.0,13.9,murphtr02
342,Dejounte Murray,SG,26,ATL,69,69,36.4,8.2,18.0,.458,1.9,5.4,.349,6.3,12.6,.504,.510,2.1,2.6,.827,0.7,4.6,5.3,6.1,1.5,0.3,2.1,1.4,20.5,murrade01
343,Jamal Murray,PG,25,DEN,61,61,33.1,7.4,16.2,.454,2.6,6.6,.400,4.7,9.6,.491,.535,2.8,3.4,.825,0.7,3.3,4.0,6.2,1.0,0.2,2.2,1.6,20.1,murraja01
344,Keegan Murray,SF,22,SAC,74,72,29.7,4.3,9.6,.446,2.5,6.2,.407,1.8,3.4,.518,.578,0.8,1.1,.756,1.1,3.5,4.6,1.2,0.8,0.5,0.8,2.0,11.9,murrake02
345,Mike Muscala,C,31,TOT,57,7,14.5,2.0,4.5,.440,1.3,3.3,.392,0.7,1.3,.562,.581,0.6,0.7,.780,0.5,2.6,3.1,0.8,0.3,0.4,0.3,1.6,5.8,muscami01
346,Svi Mykhailiuk,SF,25,TOT,27,3,11.1,1.4,3.4,.429,0.9,2.0,.472,0.5,1.4,.368,.566,0.7,1.1,.633,0.3,0.9,1.1,0.9,0.3,0.1,0.3,0.5,4.5,mykhasv01
347,Larry Nance Jr.,PF,30,NOP,59,1,21.1,3.0,4.8,.612,0.2,0.7,.333,2.7,4.1,.660,.636,0.8,1.2,.685,1.7,3.9,5.5,1.8,0.9,0.6,0.6,2.1,7.0,nancela02
348,Andrew Nembhard,SG,23,IND,70,58,27.3,3.6,8.3,.438,1.2,3.6,.345,2.4,4.7,.508,.512,0.6,0.7,.804,0.4,2.2,2.6,4.3,0.9,0.2,1.6,2.4,9.1,nembhan01
349,Aaron Nesmith,SF,23,IND,68,55,24.9,3.4,8.1,.426,1.5,4.3,.358,1.9,3.8,.504,.522,1.6,1.8,.848,0.8,2.9,3.7,1.4,0.8,0.5,1.1,3.3,10.0,nesmiaa01
350,Raul Neto,PG,30,CLE,45,1,10.0,1.1,2.1,.532,0.3,0.8,.324,0.8,1.3,.667,.596,0.5,0.6,.889,0.2,0.7,0.9,1.4,0.4,0.1,0.4,0.9,3.0,netora01
351,Georges Niang,PF,29,PHI,73,0,19.5,2.8,6.5,.442,2.0,5.0,.404,0.8,1.5,.570,.598,0.5,0.6,.864,0.2,2.2,2.4,1.0,0.4,0.2,0.7,1.9,8.2,niangge01
352,Daishen Nix,PG,20,HOU,53,7,16.5,1.5,4.3,.350,0.8,2.5,.301,0.7,1.8,.419,.438,0.5,0.7,.667,0.3,1.5,1.8,2.4,0.6,0.1,1.5,1.1,4.2,nixda01
353,Zeke Nnaji,PF,22,DEN,48,5,13.2,2.0,3.4,.580,0.3,1.0,.271,1.7,2.4,.711,.620,0.8,1.2,.672,1.2,1.2,2.4,0.3,0.3,0.4,0.5,1.9,5.0,nnajize01
354,Nerlens Noel,C,28,TOT,17,4,11.5,0.8,2.1,.361,0.1,0.1,.500,0.7,2.0,.353,.375,0.5,0.7,.667,0.6,2.1,2.7,0.6,0.9,0.6,0.8,1.9,2.1,noelne01
355,Jaylen Nowell,SG,23,MIN,65,2,19.3,4.3,9.6,.448,1.0,3.6,.289,3.3,6.0,.542,.502,1.2,1.5,.778,0.6,2.1,2.6,2.0,0.6,0.1,1.0,1.6,10.8,nowelja01
356,Frank Ntilikina,PG,24,DAL,45,3,11.8,0.9,2.5,.360,0.3,1.3,.250,0.6,1.2,.481,.425,0.4,0.6,.704,0.1,1.1,1.3,1.2,0.3,0.1,0.6,1.3,2.6,ntilila01
357,Kendrick Nunn,SG-PG,27,TOT,64,2,13.3,2.5,6.0,.418,1.0,3.0,.337,1.5,3.0,.500,.503,0.4,0.5,.848,0.2,1.2,1.4,1.1,0.4,0.0,0.8,0.9,6.5,nunnke01
358,Jusuf Nurkić,C,28,POR,52,52,26.8,5.0,9.7,.519,0.8,2.3,.361,4.2,7.4,.567,.561,2.4,3.7,.661,2.2,6.9,9.1,2.9,0.8,0.8,2.3,3.6,13.3,nurkiju01
359,Jordan Nwora,SF,24,TOT,57,9,18.4,2.9,6.7,.438,1.3,3.2,.420,1.6,3.6,.453,.536,1.0,1.3,.787,0.8,2.8,3.5,1.3,0.4,0.2,1.1,1.1,8.3,nworajo01
360,Royce O'Neale,SF,29,BRK,71,52,31.8,3.0,7.8,.390,2.2,5.4,.396,0.9,2.4,.375,.528,0.7,0.9,.731,0.8,4.3,5.1,3.6,0.9,0.6,1.5,3.1,8.9,onealro01
361,Chuma Okeke,SF,24,ORL,23,7,18.1,1.5,4.1,.362,0.9,2.8,.308,0.6,1.3,.483,.468,0.7,0.9,.762,1.0,2.5,3.5,1.1,0.5,0.4,0.5,1.5,4.5,okekech01
362,Josh Okogie,SG,24,PHO,66,20,18.1,2.2,5.7,.395,0.9,2.7,.328,1.4,3.0,.455,.472,1.8,2.5,.726,1.5,1.9,3.4,1.4,0.8,0.5,0.9,1.6,7.2,okogijo01
363,Onyeka Okongwu,C,22,ATL,74,17,23.2,4.0,6.1,.645,0.0,0.1,.250,3.9,6.0,.652,.648,1.9,2.5,.769,2.8,4.5,7.2,1.0,0.7,1.3,1.0,3.2,9.8,okongon01
364,Isaac Okoro,SF,22,CLE,76,46,21.7,2.3,4.7,.494,0.8,2.3,.363,1.5,2.4,.617,.582,1.0,1.4,.757,0.7,1.8,2.5,1.1,0.7,0.4,0.6,2.1,6.4,okorois01
365,KZ Okpala,PF,23,SAC,35,3,7.1,0.5,1.1,.421,0.2,0.6,.333,0.3,0.5,.529,.513,0.2,0.2,.875,0.2,0.8,1.0,0.4,0.2,0.2,0.2,1.1,1.3,okpalkz01
366,Victor Oladipo,SG,30,MIA,40,2,26.4,3.6,9.2,.387,1.5,4.7,.309,2.1,4.5,.469,.466,1.5,1.9,.773,0.4,2.7,3.1,3.4,1.3,0.3,2.0,2.3,10.0,oladivi01
367,Kelly Olynyk,C,31,UTA,63,63,28.3,4.0,8.1,.494,1.3,3.5,.385,2.6,4.6,.578,.578,2.9,3.4,.859,1.2,4.7,5.9,3.6,0.9,0.5,2.3,3.4,12.2,olynyke01
368,Eugene Omoruyi,SF,25,TOT,36,5,15.6,2.4,5.3,.458,0.5,1.9,.269,1.9,3.5,.560,.505,1.0,1.5,.673,1.1,1.7,2.8,0.6,0.6,0.1,0.8,2.4,6.4,omorueu01
369,Cedi Osman,SF,27,CLE,72,0,20.5,3.1,7.0,.449,1.5,4.1,.363,1.7,2.9,.572,.556,0.9,1.4,.684,0.3,2.0,2.3,1.5,0.5,0.1,0.7,1.6,8.7,osmande01
370,Kelly Oubre Jr.,SF,27,CHO,48,40,32.3,7.4,17.1,.431,2.3,7.1,.319,5.1,10.0,.510,.497,3.3,4.3,.760,1.4,3.8,5.2,1.1,1.4,0.4,1.3,2.9,20.3,oubreke01
371,Chris Paul,PG,37,PHO,55,55,31.9,4.9,11.3,.433,1.5,4.3,.359,3.4,7.0,.478,.501,2.3,2.8,.832,0.5,3.8,4.3,9.1,1.6,0.4,1.9,2.1,13.7,paulch01
372,Cameron Payne,PG,28,PHO,44,14,21.0,4.1,9.8,.420,1.5,4.0,.373,2.6,5.7,.452,.497,1.1,1.4,.758,0.3,2.0,2.3,4.6,0.7,0.2,1.8,1.8,10.8,payneca01
373,Gary Payton II,PG,30,TOT,17,1,16.4,1.6,2.6,.600,0.6,1.1,.526,1.0,1.5,.654,.711,0.4,0.4,1.000,0.7,1.8,2.5,1.4,1.0,0.1,0.8,1.8,4.1,paytoga02
374,Theo Pinson,SG,27,DAL,38,0,6.6,0.5,1.6,.328,0.4,1.2,.341,0.1,0.4,.294,.451,0.2,0.3,.818,0.2,0.9,1.1,0.8,0.1,0.0,0.3,0.7,1.7,pinsoth01
375,Scotty Pippen Jr.,PG,22,LAL,6,0,5.3,0.7,2.0,.333,0.2,0.5,.333,0.5,1.5,.333,.375,0.8,1.5,.556,0.3,0.3,0.7,0.3,0.3,0.2,0.3,0.5,2.3,pippesc02
376,Mason Plumlee,C,32,TOT,74,60,26.6,4.3,6.3,.679,0.0,0.0,,4.3,6.3,.679,.679,2.6,4.1,.631,3.0,6.2,9.2,3.2,0.6,0.6,1.5,2.7,11.1,plumlma01
377,Jakob Poeltl,C,27,TOT,66,65,26.7,5.5,8.7,.631,0.0,0.0,.000,5.5,8.7,.632,.631,1.8,2.9,.601,3.3,5.9,9.2,2.8,1.0,1.2,1.8,2.8,12.7,poeltja01
378,Aleksej Pokusevski,PF,21,OKC,33,25,20.9,3.2,7.5,.435,1.2,3.1,.373,2.1,4.4,.479,.512,0.7,1.1,.629,1.4,3.4,4.8,1.9,0.6,1.3,1.3,1.8,8.3,pokusal01
379,Jordan Poole,PG,23,GSW,77,42,30.4,6.8,15.7,.430,2.6,7.8,.333,4.2,7.9,.525,.512,4.3,5.0,.872,0.4,2.4,2.8,4.5,0.8,0.2,3.1,2.5,20.4,poolejo01
380,Kevin Porter Jr.,PG,22,HOU,55,55,34.1,6.5,14.9,.438,2.2,6.3,.350,4.3,8.6,.502,.512,3.5,4.5,.785,1.3,4.2,5.5,5.8,1.3,0.3,3.2,2.6,18.7,porteke02
381,Michael Porter Jr.,SF,24,DEN,58,58,29.0,6.4,12.9,.491,3.0,7.2,.422,3.3,5.8,.577,.608,1.6,1.9,.811,1.0,4.5,5.4,1.1,0.6,0.5,1.1,2.0,17.3,portemi01
382,Otto Porter Jr.,SF,29,TOR,8,2,18.3,1.9,3.8,.500,0.8,2.1,.353,1.1,1.6,.692,.600,1.0,1.0,1.000,0.8,1.6,2.4,1.0,1.4,0.0,0.5,0.9,5.5,porteot01
383,Bobby Portis,PF,27,MIL,65,20,25.9,5.6,11.2,.498,1.2,3.5,.345,4.4,7.8,.566,.551,1.4,1.8,.781,2.2,7.3,9.5,1.5,0.4,0.2,1.2,1.7,13.8,portibo01
384,Kristaps Porziņģis,C,27,WAS,65,65,32.6,7.8,15.7,.498,2.1,5.5,.385,5.7,10.2,.559,.565,5.4,6.4,.851,1.8,6.6,8.4,2.7,0.9,1.5,2.1,3.0,23.2,porzikr01
385,Micah Potter,PF,24,UTA,5,0,5.4,1.2,1.6,.750,0.4,0.6,.667,0.8,1.0,.800,.875,0.0,0.0,,0.2,0.4,0.6,0.6,0.0,0.0,0.2,0.6,2.8,pottemi01
386,Dwight Powell,C,31,DAL,72,60,19.4,2.7,3.7,.727,0.0,0.1,.000,2.7,3.6,.741,.727,1.5,2.3,.669,2.0,2.2,4.2,0.9,0.7,0.3,0.9,2.8,6.9,poweldw01
387,Norman Powell,SG,29,LAC,55,7,25.7,5.5,11.6,.474,2.0,4.9,.408,3.5,6.7,.523,.561,3.5,4.4,.802,0.4,2.5,2.9,1.7,0.8,0.3,1.7,2.0,16.6,powelno01
388,Jason Preston,PG,23,LAC,13,0,9.4,1.4,3.2,.439,0.4,1.4,.278,1.0,1.8,.565,.500,0.0,0.2,.000,0.2,1.5,1.7,2.1,0.2,0.0,0.8,0.5,3.2,prestja01
389,Joshua Primo,SG,20,SAS,4,0,23.3,2.3,6.5,.346,0.8,3.0,.250,1.5,3.5,.429,.404,1.8,2.3,.778,0.5,2.8,3.3,4.5,0.3,0.5,2.8,2.0,7.0,primojo01
390,Taurean Prince,SF,28,MIN,49,4,21.8,3.2,6.7,.482,1.4,3.4,.396,1.9,3.3,.571,.583,1.1,1.3,.862,0.3,2.1,2.4,1.7,0.5,0.3,1.3,2.3,9.0,princta02
391,Payton Pritchard,PG,25,BOS,46,2,12.5,1.8,4.6,.390,0.9,2.8,.331,0.8,1.7,.488,.493,0.2,0.3,.733,0.5,1.0,1.5,1.0,0.3,0.0,0.7,0.8,4.7,pritcpa01
392,Trevelin Queen,SG,25,IND,7,0,10.0,1.0,4.1,.241,0.3,2.1,.133,0.7,2.0,.357,.276,0.7,0.7,1.000,1.1,1.3,2.4,0.9,0.3,0.7,1.0,0.6,3.0,queentr01
393,Neemias Queta,C,23,SAC,4,0,6.3,1.5,2.0,.750,0.0,0.0,,1.5,2.0,.750,.750,0.0,0.5,.000,1.0,1.3,2.3,0.3,0.0,0.3,0.3,1.8,3.0,quetane01
394,Immanuel Quickley,PG,23,NYK,76,17,28.6,4.9,11.0,.448,1.9,5.4,.360,3.0,5.6,.531,.536,2.4,3.0,.813,0.7,3.3,4.0,3.3,0.9,0.2,1.1,2.0,14.2,quickim01
395,Julius Randle,PF,28,NYK,77,77,35.5,8.5,18.6,.459,2.8,8.3,.343,5.7,10.3,.553,.536,5.2,6.9,.757,1.8,8.1,10.0,4.1,0.6,0.3,2.8,3.0,25.1,randlju01
396,Austin Reaves,SG,24,LAL,58,16,28.3,3.9,7.4,.521,1.2,3.3,.379,2.6,4.2,.632,.604,3.4,3.9,.860,0.5,2.5,3.0,3.2,0.6,0.3,1.5,1.7,12.4,reaveau01
397,Cam Reddish,SF,23,TOT,40,20,24.8,3.5,7.8,.446,1.1,3.6,.313,2.4,4.2,.560,.518,1.6,1.9,.853,0.5,1.8,2.2,1.4,1.0,0.4,1.2,1.8,9.7,reddica01
398,Davon Reed,SG,27,TOT,41,1,8.2,0.7,2.0,.325,0.4,1.1,.370,0.2,0.9,.270,.428,0.4,0.6,.667,0.2,1.2,1.4,0.5,0.3,0.1,0.5,1.0,2.1,reedda01
399,Paul Reed,C,23,PHI,63,0,10.4,1.6,2.8,.592,0.0,0.1,.000,1.6,2.7,.606,.592,0.5,0.7,.721,1.5,2.1,3.6,0.3,0.6,0.7,0.6,1.8,3.8,reedpa01
400,Naz Reid,C,23,MIN,68,11,18.4,4.6,8.5,.537,1.1,3.2,.346,3.5,5.3,.653,.602,1.3,1.9,.677,1.1,3.8,4.9,1.1,0.6,0.8,1.4,2.6,11.5,reidna01
401,Jared Rhoden,SG,23,DET,8,0,9.3,0.8,2.1,.353,0.1,1.0,.125,0.6,1.1,.556,.382,0.3,0.3,1.000,1.0,1.0,2.0,0.3,0.3,0.0,0.1,1.1,1.9,rhodeja01
402,Nick Richards,C,25,CHO,61,8,18.7,3.0,4.9,.622,0.0,0.0,,3.0,4.9,.622,.622,2.0,2.7,.743,2.3,4.0,6.3,0.6,0.2,1.1,0.9,2.4,8.1,richani01
403,Josh Richardson,SG,29,TOT,59,10,23.9,3.9,9.0,.437,1.7,4.7,.366,2.2,4.3,.514,.532,1.2,1.4,.852,0.7,2.1,2.7,2.9,1.1,0.3,1.4,1.8,10.7,richajo01
404,Austin Rivers,SG,30,MIN,52,10,19.5,1.8,4.0,.435,0.8,2.4,.350,0.9,1.7,.558,.538,0.6,0.8,.769,0.1,1.5,1.6,1.4,0.5,0.1,0.4,1.5,4.9,riverau01
405,Duncan Robinson,SF,28,MIA,38,0,16.3,2.1,5.6,.370,1.5,4.5,.337,0.5,1.0,.513,.507,0.6,0.7,.923,0.2,1.4,1.6,1.1,0.3,0.0,0.6,1.7,6.3,robindu01
406,Mitchell Robinson,C,24,NYK,55,54,27.0,3.1,4.5,.690,0.0,0.0,,3.1,4.5,.690,.690,0.9,1.9,.491,4.2,4.7,9.0,0.8,0.9,1.7,0.6,2.7,7.2,robinmi01
407,Orlando Robinson,C,22,MIA,29,1,13.7,1.6,3.0,.535,0.0,0.2,.000,1.6,2.8,.568,.535,0.7,1.0,.724,1.5,2.6,4.1,0.7,0.4,0.4,0.5,1.8,3.9,robinor01
408,Jeremiah Robinson-Earl,PF,22,OKC,41,19,18.8,2.6,5.7,.455,0.9,2.6,.333,1.8,3.2,.554,.530,0.8,1.0,.825,1.7,2.5,4.2,1.0,0.6,0.3,0.5,1.6,6.9,robinje02
409,Isaiah Roby,PF,24,SAS,42,2,11.3,1.6,3.7,.432,0.4,1.4,.300,1.2,2.3,.516,.490,0.5,1.0,.488,0.5,2.0,2.5,0.9,0.4,0.2,0.7,1.3,4.1,robyis01
410,David Roddy,PF,21,MEM,64,3,17.2,2.5,5.8,.429,0.9,3.0,.300,1.6,2.9,.563,.505,0.6,1.0,.631,0.7,2.0,2.7,0.7,0.5,0.3,0.8,1.5,6.5,roddyda01
411,Ryan Rollins,PG,20,GSW,12,0,5.2,0.6,1.7,.350,0.3,0.8,.333,0.3,0.9,.364,.425,0.5,0.5,1.000,0.3,0.8,1.0,0.5,0.1,0.1,1.3,0.8,1.9,rolliry01
412,Derrick Rose,PG,34,NYK,27,0,12.5,2.3,5.9,.384,0.7,2.3,.302,1.6,3.6,.438,.443,0.4,0.4,.917,0.3,1.2,1.5,1.7,0.3,0.2,0.8,0.7,5.6,rosede01
413,Terrence Ross,SG,31,TOT,57,9,21.4,3.3,7.5,.438,1.6,4.2,.385,1.7,3.3,.505,.546,0.4,0.6,.781,0.3,2.0,2.4,1.4,0.6,0.1,0.7,1.6,8.6,rosste01
414,Terry Rozier,SG,28,CHO,63,63,35.3,7.8,18.9,.415,2.6,8.0,.327,5.2,10.8,.480,.484,2.8,3.5,.809,0.8,3.3,4.1,5.1,1.2,0.3,2.1,1.9,21.1,roziete01
415,Ricky Rubio,PG,32,CLE,28,0,17.3,2.0,5.4,.367,0.7,2.5,.268,1.3,2.8,.456,.430,0.9,1.2,.788,0.3,1.9,2.2,3.4,0.9,0.2,1.0,1.5,5.5,rubiori01
416,D'Angelo Russell,PG,26,TOT,66,66,32.6,6.3,13.5,.467,2.7,7.0,.392,3.6,6.6,.547,.568,2.7,3.2,.841,0.5,2.6,3.1,6.2,1.0,0.4,2.6,2.0,18.0,russeda01
417,Matt Ryan,SF,25,TOT,33,0,9.3,1.2,3.2,.374,1.0,2.5,.386,0.2,0.7,.333,.523,0.3,0.4,.833,0.1,0.7,0.8,0.5,0.2,0.0,0.2,0.8,3.7,ryanma01
418,Domantas Sabonis,C,26,SAC,74,74,34.8,7.3,11.9,.611,0.4,1.1,.354,6.9,10.8,.637,.627,4.2,5.5,.759,3.2,9.3,12.4,7.2,0.8,0.5,2.9,3.6,19.1,sabondo01
419,Luka Šamanić,PF,23,UTA,1,0,25.0,2.0,8.0,.250,1.0,4.0,.250,1.0,4.0,.250,.313,4.0,4.0,1.000,0.0,9.0,9.0,4.0,1.0,1.0,2.0,4.0,9.0,samanlu01
420,Dario Šarić,PF,28,TOT,54,12,13.9,2.2,4.8,.456,0.7,2.0,.377,1.5,2.9,.510,.533,1.1,1.3,.838,0.9,2.6,3.5,1.3,0.3,0.1,1.0,1.8,6.2,saricda01
421,Olivier Sarr,C,23,OKC,6,0,11.2,0.8,2.2,.385,0.2,1.0,.167,0.7,1.2,.571,.423,0.5,0.5,1.000,1.3,1.0,2.3,0.5,0.0,0.8,0.5,1.8,2.3,sarrol01
422,Jordan Schakel,SF,24,WAS,2,0,3.0,0.5,1.0,.500,0.5,0.5,1.000,0.0,0.5,.000,.750,0.0,0.0,,0.0,0.0,0.0,0.5,0.5,0.0,0.0,0.5,1.5,schakjo01
423,Admiral Schofield,PF,25,ORL,33,0,11.7,1.5,3.1,.475,0.7,1.9,.355,0.8,1.2,.667,.584,0.5,0.6,.895,0.6,1.1,1.7,0.8,0.2,0.1,0.2,1.7,4.1,schofad01
424,Dennis Schröder,PG,29,LAL,62,49,30.5,4.2,10.0,.418,1.2,3.5,.338,3.0,6.5,.460,.477,3.3,3.8,.870,0.3,2.3,2.5,4.5,0.8,0.1,1.7,2.2,12.9,schrode01
425,Dereon Seabron,SG,22,NOP,5,0,2.4,0.4,1.0,.400,0.0,0.0,,0.4,1.0,.400,.400,0.0,0.0,,0.2,0.0,0.2,0.0,0.0,0.0,0.0,0.2,0.8,seabrde01
426,Alperen Şengün,C,20,HOU,70,67,28.6,5.9,10.6,.556,0.2,0.7,.314,5.7,9.9,.574,.567,2.7,3.8,.712,3.2,5.5,8.7,3.8,0.9,0.9,2.5,3.4,14.7,sengual01
427,Collin Sexton,SG,24,UTA,47,15,24.0,4.9,9.7,.507,1.0,2.5,.410,3.9,7.2,.540,.559,3.4,4.2,.822,0.8,1.4,2.2,2.9,0.6,0.1,1.8,2.3,14.3,sextoco01
428,Landry Shamet,SG,25,PHO,35,7,21.0,2.9,7.7,.383,1.9,5.1,.378,1.0,2.5,.393,.509,1.2,1.3,.894,0.3,1.4,1.6,2.2,0.7,0.1,1.0,1.6,9.0,shamela01
429,Day'Ron Sharpe,C,21,BRK,42,2,11.4,2.0,3.6,.546,0.1,0.3,.545,1.8,3.4,.546,.566,0.7,1.0,.636,2.0,2.1,4.1,0.8,0.3,0.7,1.0,2.0,4.8,sharpda01
430,Shaedon Sharpe,SG,19,POR,75,10,21.5,3.5,7.4,.474,1.2,3.2,.369,2.3,4.2,.554,.554,0.8,1.1,.707,0.8,2.0,2.8,0.9,0.5,0.3,0.9,1.7,8.9,sharpsh01
431,Pascal Siakam,C,28,TOR,66,66,37.5,8.8,18.6,.476,1.3,4.1,.328,7.5,14.5,.517,.512,5.2,6.8,.767,1.9,6.0,7.8,5.9,0.8,0.5,2.5,3.3,24.3,siakapa01
432,Chris Silva,PF,26,DAL,1,0,3.0,1.0,1.0,1.000,0.0,0.0,,1.0,1.0,1.000,1.000,0.0,0.0,,0.0,0.0,0.0,0.0,0.0,0.0,1.0,2.0,2.0,silvach01
433,Ben Simmons,PG,26,BRK,42,33,26.3,3.2,5.6,.566,0.0,0.0,.000,3.2,5.5,.571,.566,0.6,1.4,.439,1.0,5.3,6.3,6.1,1.3,0.6,2.3,3.3,6.9,simmobe01
434,Marko Simonovic,C,23,CHI,3,0,1.7,0.0,0.3,.000,0.0,0.3,.000,0.0,0.0,,.000,0.0,0.0,,0.0,0.0,0.0,0.0,0.0,0.0,0.0,0.3,0.0,simonma01
435,Anfernee Simons,SG,23,POR,62,62,35.0,7.5,16.9,.447,3.4,9.1,.377,4.1,7.8,.528,.548,2.6,2.9,.894,0.3,2.3,2.6,4.1,0.7,0.2,2.1,2.3,21.1,simonan01
436,Jericho Sims,C,24,NYK,50,16,15.6,1.6,2.1,.769,0.0,0.0,.000,1.6,2.1,.777,.769,0.2,0.3,.750,1.9,2.8,4.6,0.5,0.3,0.6,0.5,1.9,3.4,simsje01
437,Marcus Smart,PG,28,BOS,58,58,32.3,4.0,9.7,.417,1.8,5.4,.339,2.2,4.2,.518,.512,1.5,2.0,.757,0.7,2.4,3.1,6.3,1.5,0.4,2.4,2.8,11.4,smartma01
438,Dennis Smith Jr.,PG,25,CHO,54,15,25.7,3.4,8.4,.412,0.4,2.1,.216,3.0,6.3,.475,.438,1.4,2.0,.736,0.5,2.6,3.1,4.8,1.4,0.5,1.5,2.3,8.8,smithde03
439,Dru Smith,SG,25,TOT,12,1,10.9,1.5,3.3,.450,0.4,1.6,.263,1.1,1.8,.619,.513,0.1,0.1,1.000,0.2,1.4,1.6,1.3,0.8,0.3,0.2,1.4,3.5,smithdr01
440,Ish Smith,PG,34,DEN,38,0,8.7,1.2,2.7,.431,0.1,0.2,.333,1.1,2.5,.438,.441,0.0,0.1,.500,0.1,1.1,1.2,2.1,0.2,0.2,1.0,0.8,2.4,smithis01
441,Jabari Smith Jr.,PF,19,HOU,74,74,30.8,4.5,11.2,.405,1.6,5.1,.307,3.0,6.1,.486,.474,2.0,2.6,.778,1.5,5.7,7.2,1.3,0.6,0.9,1.4,2.9,12.6,smithja05
442,Jalen Smith,PF,22,IND,65,29,18.4,3.4,7.4,.468,0.8,2.8,.272,2.7,4.5,.590,.520,1.6,2.0,.765,1.8,3.8,5.7,1.0,0.3,0.8,1.1,2.2,9.2,smithja04
443,Jeremy Sochan,PF,19,SAS,56,53,26.0,4.5,9.9,.453,0.6,2.4,.246,3.9,7.5,.519,.483,1.4,2.1,.698,1.7,3.6,5.3,2.5,0.8,0.4,1.7,2.5,11.0,sochaje01
444,Jaden Springer,SG,20,PHI,14,0,3.8,0.6,1.6,.409,0.0,0.1,.000,0.6,1.4,.450,.409,0.4,0.4,.833,0.4,0.5,0.9,0.4,0.4,0.1,0.1,0.6,1.6,sprinja01
445,Lamar Stevens,PF,25,CLE,57,23,17.9,2.1,4.6,.462,0.5,1.5,.321,1.6,3.1,.528,.513,0.6,0.9,.698,0.8,2.5,3.3,0.5,0.4,0.3,0.4,1.3,5.3,stevela01
446,Isaiah Stewart,C,21,DET,50,47,28.3,3.9,8.8,.442,1.3,4.1,.327,2.6,4.7,.542,.518,2.2,3.0,.738,2.3,5.8,8.1,1.4,0.4,0.7,1.4,2.7,11.3,stewais01
447,Max Strus,SF,26,MIA,75,28,28.7,4.1,10.0,.409,2.4,7.1,.343,1.7,2.9,.569,.531,1.0,1.2,.885,0.6,2.7,3.3,2.1,0.6,0.1,0.9,2.1,11.6,strusma01
448,Jalen Suggs,PG,21,ORL,47,16,23.7,3.5,8.4,.415,1.1,3.7,.310,2.3,4.7,.498,.483,1.6,2.2,.709,1.0,1.9,2.9,3.1,1.3,0.5,1.8,2.3,9.6,suggsja01
449,Edmond Sumner,SG,27,BRK,50,12,14.2,2.4,5.3,.458,0.6,1.7,.360,1.8,3.6,.506,.517,1.9,2.1,.923,0.2,1.3,1.5,1.4,0.6,0.2,1.0,1.6,7.4,sumneed01
450,Cole Swider,SF,23,LAL,6,0,6.7,0.5,1.5,.333,0.5,1.3,.375,0.0,0.2,.000,.500,0.0,0.0,,0.2,1.0,1.2,0.7,0.0,0.0,0.0,0.5,1.5,swideco01
451,Jae'Sean Tate,SF,27,HOU,31,7,21.8,3.5,7.4,.480,0.4,1.5,.283,3.1,5.9,.530,.509,1.6,2.2,.725,1.3,2.5,3.8,2.7,0.7,0.2,1.5,3.4,9.1,tateja01
452,Jayson Tatum,PF,24,BOS,70,70,37.3,9.8,21.3,.462,3.2,9.4,.344,6.6,12.0,.554,.537,7.2,8.4,.854,1.1,7.8,8.9,4.7,1.0,0.7,3.0,2.2,30.1,tatumja01
453,Terry Taylor,PF,23,TOT,28,2,8.4,1.1,2.4,.478,0.1,0.6,.222,1.0,1.8,.571,.507,0.2,0.3,.714,0.8,0.6,1.4,0.4,0.1,0.2,0.3,0.9,2.6,taylote01
454,Garrett Temple,SG,36,NOP,24,0,6.6,0.8,1.8,.409,0.5,1.0,.440,0.3,0.8,.368,.534,0.1,0.2,.750,0.2,0.5,0.7,0.5,0.4,0.1,0.2,0.6,2.1,templga01
455,Dalen Terry,SG,20,CHI,32,0,5.4,0.7,1.6,.460,0.2,0.6,.316,0.5,1.0,.548,.520,0.2,0.4,.538,0.3,0.6,0.9,0.6,0.1,0.1,0.2,0.6,1.8,terryda01
456,Daniel Theis,C,30,IND,7,1,15.6,3.0,6.3,.477,0.3,1.6,.182,2.7,4.7,.576,.500,0.7,1.7,.417,1.0,2.1,3.1,1.3,0.3,0.9,0.4,1.0,7.0,theisda01
457,Cam Thomas,SG,21,BRK,53,3,16.8,3.5,7.9,.437,0.8,2.3,.363,2.6,5.6,.468,.490,2.7,3.1,.861,0.2,1.6,1.7,1.5,0.4,0.1,1.1,1.0,10.5,thomaca02
458,Klay Thompson,SG,32,GSW,65,65,33.1,7.8,18.0,.433,4.3,10.5,.408,3.5,7.6,.468,.552,1.7,1.9,.873,0.6,3.6,4.2,2.4,0.7,0.4,1.8,1.9,21.6,thompkl01
459,JT Thor,PF,20,CHO,64,4,12.7,1.3,3.0,.415,0.5,1.5,.303,0.8,1.5,.531,.492,0.4,0.6,.649,0.5,1.5,2.0,0.5,0.3,0.3,0.5,1.0,3.4,thorjt01
460,Matisse Thybulle,SG,25,TOT,69,26,16.6,1.6,3.5,.440,0.8,2.1,.364,0.8,1.4,.550,.547,0.2,0.4,.654,0.6,1.4,1.9,0.8,1.1,0.4,0.3,1.5,4.1,thybuma01
461,Xavier Tillman Sr.,PF,24,MEM,57,26,19.1,3.1,4.9,.621,0.1,0.3,.267,3.0,4.7,.640,.628,0.8,1.5,.560,1.9,3.0,4.9,1.6,0.9,0.5,0.7,1.6,7.0,tillmxa01
462,Isaiah Todd,PF,21,WAS,4,0,3.3,0.3,1.0,.250,0.0,0.8,.000,0.3,0.3,1.000,.250,0.0,0.0,,0.0,0.0,0.0,0.0,0.0,0.0,0.0,0.0,0.5,toddis01
463,Obi Toppin,PF,24,NYK,62,0,14.4,2.3,5.6,.418,1.1,3.4,.327,1.2,2.2,.559,.517,0.5,0.6,.784,0.4,2.3,2.8,0.8,0.3,0.2,0.5,0.9,6.3,toppiob01
464,Juan Toscano-Anderson,SF,29,TOT,46,8,12.5,1.2,2.3,.495,0.1,0.7,.200,1.0,1.7,.610,.523,0.3,0.4,.789,0.5,1.7,2.2,1.0,0.3,0.2,0.6,1.4,2.8,toscaju01
465,Karl-Anthony Towns,PF,27,MIN,24,24,33.4,7.3,14.8,.494,2.0,5.8,.353,5.3,9.0,.586,.564,4.1,4.6,.891,1.6,6.3,7.9,5.0,0.8,0.6,3.2,3.8,20.7,townska01
466,Gary Trent Jr.,SG,24,TOR,63,43,32.6,6.3,14.4,.434,2.6,6.9,.371,3.7,7.5,.494,.524,2.6,3.1,.838,0.5,2.2,2.7,1.6,1.6,0.2,0.8,1.6,17.7,trentga02
467,P.J. Tucker,PF,37,PHI,71,71,25.6,1.2,2.9,.417,0.7,1.8,.378,0.5,1.1,.481,.534,0.3,0.3,.826,1.3,2.7,4.0,0.8,0.5,0.2,0.6,2.4,3.4,tuckepj01
468,Myles Turner,C,26,IND,62,62,29.4,6.5,11.8,.548,1.5,4.0,.373,5.0,7.8,.638,.612,3.5,4.5,.783,1.4,6.1,7.5,1.4,0.6,2.3,1.7,3.5,18.0,turnemy01
469,Stanley Umude,SG,23,DET,1,0,2.0,0.0,1.0,.000,0.0,1.0,.000,0.0,0.0,,.000,2.0,2.0,1.000,0.0,0.0,0.0,0.0,1.0,1.0,0.0,0.0,2.0,umudest01
470,Jonas Valančiūnas,C,30,NOP,73,73,25.0,5.7,10.3,.553,0.5,1.4,.346,5.2,8.9,.586,.577,2.3,2.9,.818,2.8,7.3,10.1,1.8,0.3,0.6,2.1,3.1,14.3,valanjo01
471,Jarred Vanderbilt,PF,23,TOT,72,59,24.4,3.2,5.9,.546,0.3,1.1,.305,2.9,4.7,.604,.576,1.3,1.8,.692,2.3,5.5,7.7,2.5,1.1,0.3,1.3,2.5,8.0,vandeja01
472,Fred VanVleet,PG,28,TOR,64,64,36.9,6.5,16.3,.398,3.1,8.8,.349,3.4,7.5,.457,.493,3.6,4.0,.896,0.4,3.7,4.1,7.0,1.8,0.6,2.0,2.8,19.7,vanvlfr01
473,Devin Vassell,SG,22,SAS,38,32,31.0,6.9,15.7,.439,2.7,7.0,.387,4.2,8.7,.480,.525,2.1,2.6,.780,0.2,3.7,3.9,3.6,1.1,0.4,1.5,1.5,18.5,vassede01
474,Gabe Vincent,PG,26,MIA,63,29,26.1,3.3,8.3,.401,1.7,5.2,.332,1.6,3.2,.512,.504,1.1,1.2,.882,0.4,1.7,2.1,2.4,0.9,0.1,1.4,2.3,9.5,vincega01
475,Noah Vonleh,C,27,BOS,23,1,7.4,0.5,1.0,.458,0.0,0.2,.250,0.4,0.9,.500,.479,0.1,0.1,1.000,0.8,1.3,2.1,0.3,0.1,0.3,0.5,1.5,1.1,vonleno01
476,Nikola Vučević,C,32,CHI,76,76,33.8,7.3,14.1,.519,1.6,4.4,.356,5.7,9.7,.592,.574,1.6,1.9,.832,2.0,9.1,11.1,3.3,0.7,0.7,1.8,2.3,17.7,vucevni01
477,Dean Wade,PF,26,CLE,39,9,19.9,1.6,3.9,.408,1.0,2.8,.349,0.6,1.1,.558,.533,0.4,0.6,.652,0.4,2.9,3.3,0.8,0.6,0.5,0.4,2.1,4.5,wadede01
478,Franz Wagner,SF,21,ORL,75,75,33.0,6.9,14.1,.487,1.7,4.6,.362,5.2,9.5,.549,.547,3.4,4.0,.837,0.9,3.2,4.1,3.6,0.9,0.2,2.1,2.3,18.8,wagnefr01
479,Moritz Wagner,C,25,ORL,53,17,19.9,3.6,7.1,.500,0.9,2.9,.308,2.7,4.2,.635,.563,2.8,3.4,.843,1.3,3.4,4.7,1.5,0.7,0.2,1.2,2.4,10.9,wagnemo01
480,Ish Wainright,SF,28,PHO,55,1,15.3,1.5,3.8,.381,1.0,2.9,.342,0.5,0.9,.500,.510,0.5,0.5,.862,0.8,1.5,2.3,0.9,0.7,0.3,0.4,2.0,4.3,wainris01
481,Jabari Walker,SF,20,POR,50,0,9.8,1.2,2.8,.429,0.2,0.7,.229,1.0,2.1,.495,.457,0.6,0.7,.784,0.8,1.3,2.1,0.5,0.2,0.2,0.4,1.0,3.1,walkeja01
482,Kemba Walker,PG,32,DAL,9,1,16.0,2.7,6.3,.421,0.8,3.1,.250,1.9,3.2,.586,.482,1.9,2.3,.810,0.3,1.4,1.8,2.1,0.2,0.2,0.4,1.2,8.0,walkeke02
483,Lonnie Walker IV,SG,24,LAL,54,32,23.8,4.3,9.7,.446,1.6,4.6,.360,2.7,5.1,.522,.531,1.7,2.0,.858,0.3,1.7,2.0,1.2,0.6,0.3,0.9,1.3,12.0,walkelo01
484,John Wall,PG,32,LAC,34,3,22.2,4.1,9.9,.408,1.0,3.2,.303,3.1,6.7,.459,.457,2.3,3.3,.681,0.4,2.3,2.7,5.2,0.8,0.4,2.4,1.7,11.4,walljo01
485,T.J. Warren,PF-SF,29,TOT,39,0,16.6,3.3,6.6,.496,0.5,1.6,.328,2.8,5.1,.548,.535,0.7,0.9,.800,0.6,2.3,2.8,0.9,0.5,0.3,0.5,1.6,7.8,warretj01
486,Duane Washington Jr.,SG,22,PHO,31,3,12.7,3.0,8.3,.367,1.3,3.6,.360,1.7,4.7,.372,.445,0.5,0.8,.667,0.1,1.1,1.2,2.0,0.2,0.1,1.1,0.7,7.9,washidu02
487,P.J. Washington,PF,24,CHO,72,72,32.9,6.0,13.5,.443,2.0,5.9,.347,3.9,7.6,.518,.519,1.8,2.4,.730,1.0,3.9,4.9,2.4,0.9,1.1,1.5,2.7,15.8,washipj01
488,TyTy Washington Jr.,PG,21,HOU,30,2,13.7,1.8,5.2,.355,0.6,2.6,.218,1.3,2.6,.494,.410,0.3,0.5,.625,0.1,1.3,1.4,1.6,0.4,0.1,0.5,0.9,4.6,washity02
489,Yuta Watanabe,SF,28,BRK,53,0,16.5,2.0,4.1,.498,1.0,2.3,.446,1.0,1.8,.564,.623,0.6,0.8,.733,0.5,1.9,2.5,0.8,0.5,0.3,0.4,1.4,5.7,watanyu01
490,Lindy Waters III,SG,25,OKC,37,0,12.8,1.6,4.2,.394,1.4,3.8,.366,0.2,0.4,.692,.561,0.4,0.5,.833,0.3,1.4,1.7,0.7,0.3,0.2,0.3,1.0,5.1,waterli01
491,Trendon Watford,PF,22,POR,57,7,18.9,2.6,4.8,.557,0.4,1.0,.400,2.3,3.8,.597,.598,1.1,1.5,.735,0.7,3.1,3.8,2.0,0.5,0.2,1.1,1.9,6.8,watfotr01
492,Peyton Watson,SG,20,DEN,16,0,3.1,0.8,1.4,.565,0.3,0.4,.667,0.6,1.1,.529,.652,0.0,0.1,.000,0.2,0.3,0.5,0.1,0.0,0.1,0.1,0.2,1.9,watsope01
493,Blake Wesley,SG,19,SAS,31,1,16.9,1.7,5.5,.310,0.5,1.4,.372,1.2,4.1,.289,.357,0.8,1.3,.625,0.3,1.7,2.0,2.5,0.6,0.1,1.6,1.8,4.7,weslebl01
494,Russell Westbrook,PG,34,TOT,68,19,29.0,5.9,13.5,.433,1.2,3.9,.301,4.7,9.6,.486,.476,2.9,4.4,.658,1.2,4.7,5.9,7.5,1.1,0.4,3.5,2.3,15.8,westbru01
495,Coby White,SG,22,CHI,68,1,23.1,3.4,7.8,.432,1.7,4.7,.371,1.6,3.2,.521,.542,0.8,1.0,.864,0.2,2.5,2.7,2.6,0.8,0.1,0.9,1.7,9.3,whiteco01
496,Derrick White,SG,28,BOS,76,64,28.3,4.2,9.1,.463,1.8,4.7,.387,2.4,4.4,.544,.563,2.0,2.3,.874,0.6,2.9,3.5,4.0,0.7,0.9,1.1,2.2,12.3,whitede01
497,Jack White,SF,25,DEN,16,0,3.2,0.4,1.0,.438,0.2,0.5,.375,0.3,0.5,.500,.531,0.1,0.2,.667,0.2,0.4,0.6,0.2,0.1,0.1,0.1,0.5,1.2,whiteja03
498,Joe Wieskamp,SF,23,TOR,5,0,6.0,0.6,1.6,.375,0.6,1.4,.429,0.0,0.2,.000,.563,0.0,0.0,,0.0,0.4,0.4,0.2,0.0,0.0,0.2,0.4,1.8,wieskjo01
499,Aaron Wiggins,SG,24,OKC,65,14,18.2,2.5,5.0,.500,0.7,1.7,.391,1.9,3.4,.555,.566,0.8,1.0,.806,1.0,2.0,3.0,1.2,0.5,0.2,0.8,1.5,6.5,wiggiaa01
500,Andrew Wiggins,SF,27,GSW,37,37,32.2,6.8,14.3,.473,2.4,6.1,.396,4.4,8.2,.530,.557,1.2,1.9,.611,1.6,3.4,5.0,2.3,1.2,0.8,1.3,2.9,17.1,wiggian01
501,Lindell Wigginton,PG,24,MIL,5,0,3.6,0.6,1.8,.333,0.0,0.8,.000,0.6,1.0,.600,.333,0.4,0.4,1.000,0.0,0.2,0.2,0.4,0.0,0.0,0.4,0.4,1.6,wiggili01
502,Alondes Williams,SG,23,BRK,1,0,5.0,0.0,0.0,,0.0,0.0,,0.0,0.0,,,0.0,0.0,,0.0,1.0,1.0,0.0,0.0,0.0,2.0,1.0,0.0,willial06
503,Grant Williams,PF,24,BOS,73,22,26.5,2.8,6.1,.453,1.5,3.8,.398,1.3,2.4,.540,.575,1.2,1.6,.789,1.1,3.6,4.7,1.7,0.6,0.4,1.1,2.5,8.3,willigr01
504,Jalen Williams,SG,21,OKC,71,58,30.3,5.5,10.5,.524,1.0,2.7,.359,4.5,7.8,.581,.570,2.1,2.6,.805,1.1,3.4,4.5,3.3,1.4,0.5,1.6,2.5,14.1,willija06
505,Jaylin Williams,PF,20,OKC,45,32,18.6,2.1,4.9,.434,0.9,2.3,.398,1.2,2.6,.466,.527,0.8,1.1,.700,0.8,4.1,4.9,1.5,0.5,0.3,0.7,2.3,5.9,willija07
506,Kenrich Williams,PF,28,OKC,53,10,22.8,3.4,6.5,.517,0.9,2.5,.373,2.4,4.0,.608,.590,0.3,0.7,.436,1.8,3.1,4.9,2.0,0.8,0.3,0.6,2.1,8.0,willike04
507,Mark Williams,C,21,CHO,39,13,18.2,3.5,5.5,.638,0.0,0.0,,3.5,5.5,.638,.638,1.5,2.3,.682,2.1,4.6,6.7,0.5,0.6,1.1,0.9,2.1,8.5,willima07
508,Patrick Williams,PF,21,CHI,76,63,28.4,3.8,8.1,.464,1.4,3.3,.412,2.4,4.8,.499,.547,1.1,1.3,.867,0.9,3.1,4.0,1.2,0.9,0.8,1.3,1.8,10.0,willipa01
509,Robert Williams,C,25,BOS,32,18,23.4,3.7,4.9,.741,0.0,0.0,.000,3.7,4.9,.745,.741,0.7,1.1,.639,3.0,5.4,8.4,1.4,0.6,1.3,0.9,2.0,8.0,williro04
510,Vince Williams Jr.,SG,22,MEM,11,0,4.7,0.4,1.3,.286,0.2,0.9,.200,0.2,0.4,.500,.357,0.0,0.0,,0.2,0.5,0.6,0.3,0.4,0.1,0.1,0.5,0.9,willivi01
511,Ziaire Williams,SF,21,MEM,36,3,14.7,2.1,4.9,.424,0.6,2.5,.247,1.5,2.4,.602,.486,0.4,0.5,.778,0.4,1.7,2.1,0.7,0.4,0.1,1.0,1.6,5.2,willizi02
512,Zion Williamson,PF,22,NOP,29,29,33.0,9.8,16.2,.608,0.2,0.7,.368,9.6,15.5,.618,.615,6.1,8.6,.714,2.0,5.0,7.0,4.6,1.1,0.6,3.4,2.2,26.0,willizi01
513,Dylan Windler,SF,26,CLE,3,0,3.3,0.7,1.0,.667,0.3,0.7,.500,0.3,0.3,1.000,.833,0.0,0.0,,0.0,0.0,0.0,0.3,0.3,0.0,0.3,0.0,1.7,windldy01
514,Justise Winslow,SF,26,POR,29,11,26.8,2.8,6.8,.409,0.5,1.6,.311,2.3,5.3,.438,.444,0.7,1.0,.714,1.7,3.3,5.0,3.4,1.0,0.4,1.5,3.1,6.8,winslju01
515,James Wiseman,C,21,TOT,39,16,18.7,4.2,7.3,.577,0.1,0.4,.235,4.1,6.9,.599,.584,1.3,1.9,.684,1.6,4.3,5.9,0.6,0.2,0.6,1.2,2.3,9.9,wisemja01
516,Christian Wood,C,27,DAL,64,17,26.1,6.0,11.5,.518,1.5,4.2,.368,4.5,7.4,.603,.585,3.3,4.2,.778,1.3,6.1,7.4,1.8,0.5,1.0,1.8,2.6,16.8,woodch01
517,Delon Wright,PG,30,WAS,47,11,24.2,2.6,5.5,.473,0.8,2.3,.352,1.8,3.2,.559,.546,1.0,1.1,.865,1.1,2.2,3.4,3.8,1.9,0.4,0.9,1.2,7.0,wrighde01
518,McKinley Wright IV,PG,24,DAL,25,1,11.3,1.4,3.0,.473,0.3,0.9,.318,1.1,2.1,.538,.520,0.4,0.6,.688,0.3,1.3,1.6,2.0,0.3,0.2,0.7,0.8,3.5,wrighmc01
519,Thaddeus Young,PF,34,TOR,54,9,14.7,2.0,3.7,.545,0.1,0.6,.176,1.9,3.0,.622,.561,0.3,0.5,.692,1.3,1.8,3.1,1.4,1.0,0.1,0.8,1.6,4.4,youngth01
520,Trae Young,PG,24,ATL,69,69,34.6,8.3,19.3,.432,2.2,6.4,.345,6.1,12.9,.475,.489,7.6,8.6,.884,0.8,2.2,3.0,10.0,1.1,0.1,4.1,1.5,26.5,youngtr01
521,Omer Yurtseven,C,24,MIA,6,0,6.2,0.8,1.5,.556,0.0,0.2,.000,0.8,1.3,.625,.556,0.3,0.5,.667,0.7,0.8,1.5,0.0,0.2,0.2,0.2,1.0,2.0,yurtsom01
522,Cody Zeller,C,30,MIA,12,0,12.8,1.5,2.8,.529,0.0,0.1,.000,1.5,2.8,.545,.529,1.6,2.3,.704,1.7,2.3,3.9,0.6,0.2,0.3,0.9,2.2,4.6,zelleco01
523,Ivica Zubac,C,25,LAC,71,71,28.6,4.2,6.7,.630,0.0,0.0,.000,4.2,6.6,.633,.630,2.1,3.1,.689,3.1,6.8,9.9,1.1,0.4,1.3,1.6,2.9,10.5,zubaciv01